ts,equity,cash,daily_pl,ret_pct,n_orders,a_AAPL,a_MSFT,a_AMZN,a_GOOGL,a_META,a_NVDA,a_T,a_JPM,a_MA,a_UNH,a_JNJ,a_SPY,a_QQQ,a_IVV,a_EEM,a_EFA,a_XLF,a_VNQ,a_GLD,a_SLV,a_USO,a_TLT,a_BND,a_IEF,a_XLE,a_XOM,a_CVX,a_WMT,a_NFLX,a_BA,a_KO,a_PFE,a_SHOP,pos_AAPL,pos_MSFT,pos_AMZN,pos_GOOGL,pos_META,pos_NVDA,pos_T,pos_JPM,pos_MA,pos_UNH,pos_JNJ,pos_SPY,pos_QQQ,pos_IVV,pos_EEM,pos_EFA,pos_XLF,pos_VNQ,pos_GLD,pos_SLV,pos_USO,pos_TLT,pos_BND,pos_IEF,pos_XLE,pos_XOM,pos_CVX,pos_WMT,pos_NFLX,pos_BA,pos_KO,pos_PFE,pos_SHOP,Thm_Stress,Thm_Efficiency,Thm_Regime,Thm_Pressure
2026-04-08T12:40:00+00:00,99.92,15.0,0.0,0.0,17,1.0,1.0,-1.0,1.0,-1.0,-1.0,-1.0,1.0,1.0,1.0,1.0,-1.0,1.0,1.0,1.0,-1.0,-1.0,-1.0,-1.0,-1.0,-1.0,0.9992,-0.8446,1.0,-1.0,-1.0,1.0,1.0,1.0,1.0,-1.0,1.0,-1.0,5.0,5.0,0.0,5.0,0.0,0.0,0.0,4.99,5.0,5.0,5.0,0.0,5.0,5.0,5.0,0.0,0.0,0.0,0.0,0.0,0.0,5.0,0.0,5.0,0.0,0.0,5.0,5.0,5.0,5.0,0.0,5.0,0.0,0.8844,0.0,0.0,-0.0303
2026-04-08T12:42:00+00:00,99.91,15.0,0.0,-0.0017,0,1.0,1.0,-1.0,1.0,-1.0,-1.0,-1.0,1.0,1.0,1.0,1.0,-1.0,1.0,1.0,1.0,-1.0,-1.0,-1.0,-1.0,-1.0,-1.0,0.9997,-0.8854,1.0,-1.0,-1.0,1.0,1.0,1.0,1.0,-1.0,1.0,-1.0,5.0,5.0,0.0,5.0,0.0,0.0,0.0,4.99,5.0,5.0,5.0,0.0,4.99,5.0,5.0,0.0,0.0,0.0,0.0,0.0,0.0,5.0,0.0,5.0,0.0,0.0,5.0,5.0,5.0,5.0,0.0,5.0,0.0,3.3893,0.0,0.0,1.0
2026-04-08T12:44:00+00:00,99.92,15.0,0.0,0.0011,0,1.0,1.0,-1.0,1.0,-1.0,-1.0,-1.0,1.0,1.0,1.0,1.0,-1.0,1.0,1.0,1.0,-1.0,-1.0,-1.0,-1.0,-1.0,-1.0,0.9995,-0.8758,1.0,-1.0,-1.0,1.0,1.0,1.0,1.0,-1.0,1.0,-1.0,5.0,5.0,0.0,5.0,0.0,0.0,0.0,4.99,5.0,5.0,5.0,0.0,4.99,5.0,5.0,0.0,0.0,0.0,0.0,0.0,0.0,5.0,0.0,5.0,0.0,0.0,5.0,5.0,5.0,5.0,0.0,5.0,0.0,2.3776,0.0,0.0,1.0
2026-04-08T12:46:00+00:00,99.92,15.0,0.0,0.0048,0,1.0,1.0,-1.0,1.0,-1.0,-1.0,-1.0,1.0,1.0,1.0,1.0,-1.0,1.0,1.0,1.0,-1.0,-1.0,-1.0,-1.0,-1.0,-1.0,0.9995,-0.8715,1.0,-1.0,-1.0,1.0,1.0,1.0,1.0,-1.0,1.0,-1.0,5.0,5.0,0.0,5.0,0.0,0.0,0.0,4.99,5.0,5.0,5.0,0.0,5.0,5.0,5.0,0.0,0.0,0.0,0.0,0.0,0.0,5.0,0.0,5.0,0.0,0.0,5.0,5.0,5.0,5.0,0.0,5.0,0.0,1.8893,0.0,0.0,1.0
2026-04-08T12:48:00+00:00,99.92,15.0,0.0,0.0048,0,1.0,1.0,-1.0,1.0,-1.0,-1.0,-1.0,1.0,1.0,1.0,1.0,-1.0,1.0,1.0,1.0,-1.0,-1.0,-1.0,-1.0,-1.0,-1.0,0.9995,-0.8697,1.0,-1.0,-1.0,1.0,1.0,1.0,1.0,-1.0,1.0,-1.0,5.0,5.0,0.0,5.0,0.0,0.0,0.0,4.99,5.0,5.0,5.0,0.0,5.0,5.0,5.0,0.0,0.0,0.0,0.0,0.0,0.0,5.0,0.0,5.0,0.0,0.0,5.0,5.0,5.0,5.0,0.0,5.0,0.0,1.5613,0.0,0.0,1.0
2026-04-08T12:50:00+00:00,99.92,15.0,0.0,0.0077,0,1.0,1.0,-1.0,1.0,-1.0,-1.0,-1.0,1.0,1.0,1.0,1.0,-1.0,1.0,1.0,1.0,-1.0,-1.0,-1.0,-1.0,-1.0,-1.0,0.9994,-0.8562,1.0,-1.0,-1.0,1.0,1.0,1.0,1.0,-1.0,1.0,-1.0,5.0,5.0,0.0,5.0,0.0,0.0,0.0,4.99,5.0,5.0,5.0,0.0,5.0,5.0,5.0,0.0,0.0,0.0,0.0,0.0,0.0,5.0,0.0,5.0,0.0,0.0,5.0,5.0,5.0,5.0,0.0,5.0,0.0,0.9814,0.0,0.0,0.7136
2026-04-08T12:52:00+00:00,99.92,15.0,0.0,0.007,0,1.0,1.0,-1.0,1.0,-1.0,-1.0,-1.0,1.0,1.0,1.0,1.0,-1.0,1.0,1.0,1.0,-1.0,-1.0,-1.0,-1.0,-1.0,-1.0,0.9994,-0.8569,1.0,-1.0,-1.0,1.0,1.0,1.0,1.0,-1.0,1.0,-1.0,5.0,5.0,0.0,5.0,0.0,0.0,0.0,4.99,5.0,5.0,5.0,0.0,5.0,5.0,5.0,0.0,0.0,0.0,0.0,0.0,0.0,5.0,0.0,5.0,0.0,0.0,5.0,5.0,5.0,5.0,0.0,5.0,0.0,1.0509,0.0,0.0,0.7136
2026-04-08T12:54:00+00:00,99.92,15.0,0.0,0.007,0,1.0,1.0,-1.0,1.0,-1.0,-1.0,-1.0,1.0,1.0,1.0,1.0,-1.0,1.0,1.0,1.0,-1.0,-1.0,-1.0,-1.0,-1.0,-1.0,0.9994,-0.8559,1.0,-1.0,-1.0,1.0,1.0,1.0,1.0,-1.0,1.0,-1.0,5.0,5.0,0.0,5.0,0.0,0.0,0.0,4.99,5.0,5.0,5.0,0.0,5.0,5.0,5.0,0.0,0.0,0.0,0.0,0.0,0.0,5.0,0.0,5.0,0.0,0.0,5.0,5.0,5.0,5.0,0.0,5.0,0.0,1.0261,0.0,0.0,0.7136
2026-04-08T12:56:00+00:00,99.92,15.0,0.0,0.0011,0,1.0,1.0,-1.0,1.0,-1.0,-1.0,-1.0,1.0,1.0,1.0,1.0,-1.0,1.0,1.0,1.0,-1.0,-1.0,-1.0,-1.0,-1.0,-1.0,0.9994,-0.8561,1.0,-1.0,-1.0,1.0,1.0,1.0,1.0,-1.0,1.0,-1.0,5.0,5.0,0.0,5.0,0.0,0.0,0.0,4.99,5.0,5.0,5.0,0.0,5.0,5.0,5.0,0.0,0.0,0.0,0.0,0.0,0.0,4.99,0.0,5.0,0.0,0.0,5.0,5.0,5.0,5.0,0.0,5.0,0.0,1.0742,0.0,0.0,0.7136
2026-04-08T13:00:00+00:00,99.92,15.0,0.0,0.0022,0,1.0,1.0,-1.0,1.0,-1.0,-1.0,-1.0,1.0,1.0,1.0,1.0,-1.0,1.0,1.0,1.0,-1.0,-1.0,-1.0,-1.0,-1.0,-1.0,0.9994,-0.8658,1.0,-1.0,-1.0,1.0,1.0,1.0,1.0,-1.0,1.0,-1.0,5.0,5.0,0.0,5.0,0.0,0.0,0.0,4.99,5.0,5.0,5.0,0.0,5.0,5.0,5.0,0.0,0.0,0.0,0.0,0.0,0.0,4.99,0.0,5.0,0.0,0.0,5.0,5.0,5.0,5.0,0.0,5.0,0.0,1.1832,0.0,0.0,1.0
2026-04-08T13:02:00+00:00,99.92,15.0,0.0,0.0022,0,1.0,1.0,-1.0,1.0,-1.0,-1.0,-1.0,1.0,1.0,1.0,1.0,-1.0,1.0,1.0,1.0,-1.0,-1.0,-1.0,-1.0,-1.0,-1.0,0.9995,-0.8674,1.0,-1.0,-1.0,1.0,1.0,1.0,1.0,-1.0,1.0,-1.0,5.0,5.0,0.0,5.0,0.0,0.0,0.0,4.99,5.0,5.0,5.0,0.0,5.0,5.0,5.0,0.0,0.0,0.0,0.0,0.0,0.0,4.99,0.0,5.0,0.0,0.0,5.0,5.0,5.0,5.0,0.0,5.0,0.0,1.446,0.0,0.0,1.0
2026-04-08T13:04:00+00:00,99.92,15.0,0.0,0.0007,0,1.0,1.0,-1.0,1.0,-1.0,-1.0,-1.0,1.0,1.0,1.0,1.0,-1.0,1.0,1.0,1.0,-1.0,-1.0,-1.0,-1.0,-1.0,-1.0,0.9994,-0.8592,1.0,-1.0,-1.0,1.0,1.0,1.0,1.0,-1.0,1.0,-1.0,5.0,5.0,0.0,5.0,0.0,0.0,0.0,4.99,5.0,5.0,5.0,0.0,5.0,5.0,5.0,0.0,0.0,0.0,0.0,0.0,0.0,4.99,0.0,5.0,0.0,0.0,5.0,5.0,4.99,5.0,0.0,5.0,0.0,1.1932,0.0,0.0,0.7487
2026-04-08T13:06:00+00:00,99.92,15.0,0.0,0.0043,0,1.0,1.0,-1.0,1.0,-1.0,-1.0,-1.0,1.0,1.0,1.0,1.0,-1.0,1.0,1.0,1.0,-1.0,-1.0,-1.0,-1.0,-1.0,-1.0,0.9992,-0.8432,1.0,-1.0,-1.0,1.0,1.0,1.0,1.0,-1.0,1.0,-1.0,5.0,5.0,0.0,5.0,0.0,0.0,0.0,4.99,5.0,5.0,5.0,0.0,5.0,5.0,5.0,0.0,0.0,0.0,0.0,0.0,0.0,4.99,0.0,5.0,0.0,0.0,5.0,5.0,4.99,5.0,0.0,5.0,0.0,0.7441,0.0,0.0,0.3287
2026-04-08T13:10:00+00:00,99.92,15.0,0.0,0.0043,0,1.0,1.0,-1.0,1.0,-1.0,-1.0,-1.0,1.0,1.0,1.0,1.0,-1.0,1.0,1.0,1.0,-1.0,-1.0,-1.0,-1.0,-1.0,-1.0,0.9992,-0.8412,1.0,-1.0,-1.0,1.0,1.0,1.0,1.0,-1.0,1.0,-1.0,5.0,5.0,0.0,5.0,0.0,0.0,0.0,4.99,5.0,5.0,5.0,0.0,5.0,5.0,5.0,0.0,0.0,0.0,0.0,0.0,0.0,4.99,0.0,5.0,0.0,0.0,5.0,5.0,4.99,5.0,0.0,5.0,0.0,0.7294,0.0,0.0,0.3021
2026-04-08T13:12:00+00:00,99.92,15.0,0.0,0.002,0,1.0,1.0,-1.0,1.0,-1.0,-1.0,-1.0,1.0,1.0,1.0,1.0,-1.0,1.0,1.0,1.0,-1.0,-1.0,-1.0,-1.0,-1.0,-1.0,0.9995,-0.8669,1.0,-1.0,-1.0,1.0,1.0,1.0,1.0,-1.0,1.0,-1.0,5.0,5.0,0.0,5.0,0.0,0.0,0.0,4.99,5.0,5.0,5.0,0.0,5.0,5.0,5.0,0.0,0.0,0.0,0.0,0.0,0.0,4.99,0.0,5.0,0.0,0.0,5.0,5.0,4.99,5.0,0.0,5.0,0.0,1.4651,0.0,0.0,1.0
2026-04-08T13:14:00+00:00,99.92,15.0,0.0,0.007,0,1.0,1.0,-1.0,1.0,-1.0,-1.0,-1.0,1.0,1.0,1.0,1.0,-1.0,1.0,1.0,1.0,-1.0,-1.0,-1.0,-1.0,-1.0,-1.0,0.9991,-0.8353,1.0,-1.0,-1.0,1.0,1.0,1.0,1.0,-1.0,1.0,-1.0,5.0,5.0,0.0,5.0,0.0,0.0,0.0,4.99,5.0,5.0,5.0,0.0,5.0,5.0,5.0,0.0,0.0,0.0,0.0,0.0,0.0,4.99,0.0,5.0,0.0,0.0,5.0,5.0,4.99,5.0,0.0,5.0,0.0,0.5986,0.0,0.0,0.1072
2026-04-08T13:16:00+00:00,99.92,15.0,0.0,0.0043,0,1.0,1.0,-1.0,1.0,-1.0,-1.0,-1.0,1.0,1.0,1.0,1.0,-1.0,1.0,1.0,1.0,-1.0,-1.0,-1.0,-1.0,-1.0,-1.0,0.9995,-0.8693,1.0,-1.0,-1.0,1.0,1.0,1.0,1.0,-1.0,1.0,-1.0,5.0,5.0,0.0,5.0,0.0,0.0,0.0,4.99,5.0,5.0,5.0,0.0,5.0,5.0,5.0,0.0,0.0,0.0,0.0,0.0,0.0,4.99,0.0,5.0,0.0,0.0,5.0,5.0,4.99,5.0,0.0,5.0,0.0,1.7592,0.0,0.0,1.0
2026-04-08T13:18:00+00:00,99.91,15.0,0.0,-0.0021,0,1.0,1.0,-1.0,1.0,-1.0,-1.0,-1.0,1.0,1.0,1.0,1.0,-1.0,1.0,1.0,1.0,-1.0,-1.0,-1.0,-1.0,-1.0,-1.0,0.9995,-0.8678,1.0,-1.0,-1.0,1.0,1.0,1.0,1.0,-1.0,1.0,-1.0,5.0,5.0,0.0,5.0,0.0,0.0,0.0,4.99,5.0,5.0,5.0,0.0,5.0,5.0,5.0,0.0,0.0,0.0,0.0,0.0,0.0,4.99,0.0,5.0,0.0,0.0,5.0,5.0,4.99,5.0,0.0,5.0,0.0,1.4961,0.0,0.0,1.0
2026-04-08T13:20:00+00:00,99.91,15.0,0.0,-0.0088,0,1.0,1.0,-1.0,1.0,-1.0,-1.0,-1.0,1.0,1.0,1.0,1.0,-1.0,1.0,1.0,1.0,-1.0,-1.0,-1.0,-1.0,-1.0,-1.0,0.9994,-0.856,1.0,-1.0,-1.0,1.0,1.0,1.0,1.0,-1.0,1.0,-1.0,5.0,5.0,0.0,5.0,0.0,0.0,0.0,4.99,5.0,5.0,5.0,0.0,5.0,5.0,5.0,0.0,0.0,0.0,0.0,0.0,0.0,4.99,0.0,5.0,0.0,0.0,5.0,5.0,4.99,5.0,0.0,5.0,0.0,1.0584,0.0,0.0,0.7136
2026-04-08T13:22:00+00:00,99.9,15.0,0.0,-0.0151,0,1.0,1.0,-1.0,1.0,-1.0,-1.0,-1.0,1.0,1.0,1.0,1.0,-1.0,1.0,1.0,1.0,-1.0,-1.0,-1.0,-1.0,-1.0,-1.0,0.9995,-0.8693,1.0,-1.0,-1.0,1.0,1.0,1.0,1.0,-1.0,1.0,-1.0,5.0,5.0,0.0,5.0,0.0,0.0,0.0,4.99,5.0,5.0,5.0,0.0,5.0,5.0,5.0,0.0,0.0,0.0,0.0,0.0,0.0,4.99,0.0,5.0,0.0,0.0,5.0,5.0,4.98,5.0,0.0,5.0,0.0,1.545,0.0,0.0,1.0
2026-04-08T13:24:00+00:00,99.9,15.0,0.0,-0.0151,0,1.0,1.0,-1.0,1.0,-1.0,-1.0,-1.0,1.0,1.0,1.0,1.0,-1.0,1.0,1.0,1.0,-1.0,-1.0,-1.0,-1.0,-1.0,-1.0,0.9993,-0.8519,1.0,-1.0,-1.0,1.0,1.0,1.0,1.0,-1.0,1.0,-1.0,5.0,5.0,0.0,5.0,0.0,0.0,0.0,4.99,5.0,5.0,5.0,0.0,5.0,5.0,5.0,0.0,0.0,0.0,0.0,0.0,0.0,4.99,0.0,5.0,0.0,0.0,5.0,5.0,4.98,5.0,0.0,5.0,0.0,0.9474,0.0,0.0,0.543
2026-04-08T13:26:00+00:00,99.92,15.0,0.0,0.0093,0,1.0,1.0,-1.0,1.0,-1.0,-1.0,-1.0,1.0,1.0,1.0,1.0,-1.0,1.0,1.0,1.0,-1.0,-1.0,-1.0,-1.0,-1.0,-1.0,0.9993,-0.8507,1.0,-1.0,-1.0,1.0,1.0,1.0,1.0,-1.0,1.0,-1.0,5.0,5.0,0.0,5.03,0.0,0.0,0.0,4.99,5.0,5.0,5.0,0.0,5.0,5.0,5.0,0.0,0.0,0.0,0.0,0.0,0.0,4.99,0.0,5.0,0.0,0.0,5.0,5.0,4.98,5.0,0.0,5.0,0.0,0.9388,0.0,0.0,0.543
2026-04-08T13:28:00+00:00,99.92,15.0,0.0,0.0068,0,1.0,1.0,-1.0,1.0,-1.0,-1.0,-1.0,1.0,1.0,1.0,1.0,-1.0,1.0,1.0,1.0,-1.0,-1.0,-1.0,-1.0,-1.0,-1.0,0.999,-0.8219,1.0,-1.0,-1.0,1.0,1.0,1.0,1.0,-1.0,1.0,-1.0,5.0,5.0,0.0,5.02,0.0,0.0,0.0,4.99,5.0,5.0,5.0,0.0,5.0,5.0,5.0,0.0,0.0,0.0,0.0,0.0,0.0,4.99,0.0,5.0,0.0,0.0,5.0,5.0,4.98,5.0,0.0,5.0,0.0,0.2047,0.0,0.0,-0.2111
2026-04-08T13:30:00+00:00,99.85,15.0,0.0,-0.0666,0,1.0,1.0,-1.0,1.0,-1.0,-1.0,-1.0,1.0,1.0,1.0,1.0,-1.0,1.0,1.0,1.0,-1.0,-1.0,-1.0,-1.0,-1.0,-1.0,0.9987,-0.793,1.0,-1.0,-1.0,1.0,1.0,1.0,1.0,-1.0,1.0,-1.0,4.96,5.0,0.0,4.99,0.0,0.0,0.0,5.08,5.0,5.0,5.0,0.0,4.98,4.99,5.0,0.0,0.0,0.0,0.0,0.0,0.0,4.99,0.0,5.0,0.0,0.0,5.0,5.0,4.91,5.0,0.0,5.0,0.0,-0.0369,0.0,4.0,-0.4789
2026-04-08T13:32:00+00:00,99.76,15.0,0.0,-0.1542,0,1.0,1.0,-1.0,1.0,-1.0,-1.0,-1.0,1.0,1.0,1.0,1.0,-1.0,1.0,1.0,1.0,-1.0,-1.0,-1.0,-1.0,-1.0,-1.0,0.9985,-0.7806,1.0,-1.0,-1.0,1.0,1.0,1.0,1.0,-1.0,1.0,-1.0,4.96,4.99,0.0,4.98,0.0,0.0,0.0,5.08,5.0,4.98,5.0,0.0,4.99,4.99,5.0,0.0,0.0,0.0,0.0,0.0,0.0,4.99,0.0,4.99,0.0,0.0,5.0,5.02,4.86,4.97,0.0,4.97,0.0,-0.6149,0.0,1.0,-1.0
2026-04-08T13:34:00+00:00,99.75,15.0,0.0,-0.1636,0,1.0,1.0,-1.0,1.0,-1.0,-1.0,-1.0,1.0,1.0,1.0,1.0,-1.0,1.0,1.0,1.0,-1.0,-1.0,-1.0,-1.0,-1.0,-1.0,0.999,-0.8167,1.0,-1.0,-1.0,1.0,1.0,1.0,1.0,-1.0,1.0,-1.0,4.97,4.97,0.0,4.98,0.0,0.0,0.0,5.07,5.01,4.97,4.99,0.0,4.99,4.99,5.0,0.0,0.0,0.0,0.0,0.0,0.0,4.98,0.0,4.99,0.0,0.0,4.99,5.03,4.87,4.99,0.0,4.95,0.0,0.316,0.0,0.0,-0.4007
2026-04-08T13:36:00+00:00,99.73,15.0,0.0,-0.181,0,1.0,1.0,-1.0,1.0,-1.0,-1.0,-1.0,1.0,1.0,1.0,1.0,-1.0,1.0,1.0,1.0,-1.0,-1.0,-1.0,-1.0,-1.0,-1.0,0.9988,-0.8066,1.0,-1.0,-1.0,1.0,1.0,1.0,1.0,-1.0,1.0,-1.0,4.96,4.97,0.0,4.96,0.0,0.0,0.0,5.07,5.01,4.98,4.99,0.0,4.99,4.99,5.0,0.0,0.0,0.0,0.0,0.0,0.0,4.98,0.0,4.99,0.0,0.0,5.0,5.04,4.86,4.97,0.0,4.95,0.0,0.3037,0.0,0.0,-0.5165
2026-04-08T13:38:00+00:00,99.74,15.0,0.0,-0.1746,0,1.0,1.0,-1.0,1.0,-1.0,-1.0,-1.0,1.0,1.0,1.0,1.0,-1.0,1.0,1.0,1.0,-1.0,-1.0,-1.0,-1.0,-1.0,-1.0,0.9994,-0.8611,1.0,-1.0,-1.0,1.0,1.0,1.0,1.0,-1.0,1.0,-1.0,4.95,4.96,0.0,4.98,0.0,0.0,0.0,5.07,5.01,4.97,5.0,0.0,4.98,4.99,4.99,0.0,0.0,0.0,0.0,0.0,0.0,4.98,0.0,4.99,0.0,0.0,5.01,5.05,4.88,4.98,0.0,4.95,0.0,1.301,0.0,0.0,0.7643
2026-04-08T13:40:00+00:00,99.74,15.0,0.0,-0.174,0,1.0,1.0,-1.0,1.0,-1.0,-1.0,-1.0,1.0,1.0,1.0,1.0,-1.0,1.0,1.0,1.0,-1.0,-1.0,-1.0,-1.0,-1.0,-1.0,0.9995,-0.8679,1.0,-1.0,-1.0,1.0,1.0,1.0,1.0,-1.0,1.0,-1.0,4.95,4.94,0.0,4.99,0.0,0.0,0.0,5.06,5.0,4.97,5.0,0.0,4.98,4.98,4.99,0.0,0.0,0.0,0.0,0.0,0.0,4.98,0.0,4.99,0.0,0.0,5.04,5.07,4.89,4.97,0.0,4.94,0.0,1.6088,0.0,0.0,1.0
2026-04-08T13:42:00+00:00,99.77,15.0,0.0,-0.1414,0,1.0,1.0,-1.0,1.0,-1.0,-1.0,-1.0,1.0,1.0,1.0,1.0,-1.0,1.0,1.0,1.0,-1.0,-1.0,-1.0,-1.0,-1.0,-1.0,0.9995,-0.8773,1.0,-1.0,-1.0,1.0,1.0,1.0,1.0,-1.0,1.0,-1.0,4.96,4.95,0.0,4.99,0.0,0.0,0.0,5.07,5.0,4.96,5.01,0.0,4.98,4.98,4.98,0.0,0.0,0.0,0.0,0.0,0.0,4.98,0.0,4.99,0.0,0.0,5.04,5.07,4.9,4.97,0.0,4.95,0.0,2.9778,0.0,0.0,1.0
2026-04-08T13:44:00+00:00,99.81,15.0,0.0,-0.1055,0,1.0,1.0,-1.0,1.0,-1.0,-1.0,-1.0,1.0,1.0,1.0,1.0,-1.0,1.0,1.0,1.0,-1.0,-1.0,-1.0,-1.0,-1.0,-1.0,0.9995,-0.8727,1.0,-1.0,-1.0,1.0,1.0,1.0,1.0,-1.0,1.0,-1.0,4.97,4.94,0.0,4.97,0.0,0.0,0.0,5.06,5.01,4.95,5.01,0.0,4.98,4.98,4.99,0.0,0.0,0.0,0.0,0.0,0.0,4.98,0.0,4.99,0.0,0.0,5.07,5.07,4.9,4.98,0.0,4.97,0.0,2.1826,0.0,0.0,1.0
2026-04-08T13:46:00+00:00,99.86,15.0,0.0,-0.0517,0,1.0,1.0,-1.0,1.0,-1.0,-1.0,-1.0,1.0,1.0,1.0,1.0,-1.0,1.0,1.0,1.0,-1.0,-1.0,-1.0,-1.0,-1.0,-1.0,0.9995,-0.8712,1.0,-1.0,-1.0,1.0,1.0,1.0,1.0,-1.0,1.0,-1.0,4.99,4.95,0.0,5.0,0.0,0.0,0.0,5.07,5.01,4.94,5.01,0.0,4.99,4.99,5.0,0.0,0.0,0.0,0.0,0.0,0.0,4.98,0.0,4.99,0.0,0.0,5.05,5.06,4.9,4.98,0.0,4.96,0.0,1.8302,0.0,0.0,1.0
2026-04-08T13:48:00+00:00,99.87,15.0,0.0,-0.0458,0,1.0,1.0,-1.0,1.0,-1.0,-1.0,-1.0,1.0,1.0,1.0,1.0,-1.0,1.0,1.0,1.0,-1.0,-1.0,-1.0,-1.0,-1.0,-1.0,0.9987,-0.7956,1.0,-1.0,-1.0,1.0,1.0,1.0,1.0,-1.0,1.0,-1.0,4.99,4.96,0.0,4.99,0.0,0.0,0.0,5.06,5.0,4.94,5.02,0.0,4.99,4.99,5.0,0.0,0.0,0.0,0.0,0.0,0.0,4.98,0.0,4.99,0.0,0.0,5.03,5.06,4.91,4.98,0.0,4.97,0.0,-0.185,0.0,4.0,-0.6197
2026-04-08T13:50:00+00:00,99.74,15.0,0.0,-0.1749,0,1.0,1.0,-1.0,1.0,-1.0,-1.0,-1.0,1.0,1.0,1.0,1.0,-1.0,1.0,1.0,1.0,-1.0,-1.0,-1.0,-1.0,-1.0,-1.0,0.9989,-0.8094,1.0,-1.0,-1.0,1.0,1.0,1.0,1.0,-1.0,1.0,-1.0,4.98,4.95,0.0,4.95,0.0,0.0,0.0,5.05,5.0,4.95,5.01,0.0,4.97,4.98,4.98,0.0,0.0,0.0,0.0,0.0,0.0,4.98,0.0,4.99,0.0,0.0,5.03,5.07,4.91,4.97,0.0,4.97,0.0,-0.1438,0.0,0.0,-0.6197
2026-04-08T13:52:00+00:00,99.74,15.0,0.0,-0.1768,0,1.0,1.0,-1.0,1.0,-1.0,-1.0,-1.0,1.0,1.0,1.0,1.0,-1.0,1.0,1.0,1.0,-1.0,-1.0,-1.0,-1.0,-1.0,-1.0,0.9988,-0.8073,1.0,-1.0,-1.0,1.0,1.0,1.0,1.0,-1.0,1.0,-1.0,4.99,4.95,0.0,4.95,0.0,0.0,0.0,5.03,5.0,4.95,5.01,0.0,4.97,4.98,4.98,0.0,0.0,0.0,0.0,0.0,0.0,4.98,0.0,4.99,0.0,0.0,5.05,5.06,4.91,4.96,0.0,4.97,0.0,-0.1192,0.0,0.0,-0.6197
2026-04-08T13:54:00+00:00,99.73,15.0,0.0,-0.1845,0,1.0,1.0,-1.0,1.0,-1.0,-1.0,-1.0,1.0,1.0,1.0,1.0,-1.0,1.0,1.0,1.0,-1.0,-1.0,-1.0,-1.0,-1.0,-1.0,0.9984,-0.7736,1.0,-1.0,-1.0,1.0,1.0,1.0,1.0,-1.0,1.0,-1.0,4.98,4.95,0.0,4.96,0.0,0.0,0.0,5.03,5.0,4.96,5.0,0.0,4.97,4.98,4.98,0.0,0.0,0.0,0.0,0.0,0.0,4.98,0.0,4.99,0.0,0.0,5.03,5.06,4.92,4.98,0.0,4.96,0.0,-0.4965,0.0,4.0,-1.0
2026-04-08T13:56:00+00:00,99.75,15.0,0.0,-0.169,0,1.0,1.0,-1.0,1.0,-1.0,-1.0,-1.0,1.0,1.0,1.0,1.0,-1.0,1.0,1.0,1.0,-1.0,-1.0,-1.0,-1.0,-1.0,-1.0,0.9989,-0.8113,1.0,-1.0,-1.0,1.0,1.0,1.0,1.0,-1.0,1.0,-1.0,4.98,4.94,0.0,4.96,0.0,0.0,0.0,5.03,4.99,4.95,5.02,0.0,4.97,4.98,4.98,0.0,0.0,0.0,0.0,0.0,0.0,4.98,0.0,4.99,0.0,0.0,5.04,5.07,4.91,4.97,0.0,4.98,0.0,-0.5826,0.0,1.0,-1.0
2026-04-08T13:58:00+00:00,99.8,15.0,0.0,-0.1109,0,1.0,1.0,-1.0,1.0,-1.0,-1.0,-1.0,1.0,1.0,1.0,1.0,-1.0,1.0,1.0,1.0,-1.0,-1.0,-1.0,-1.0,-1.0,-1.0,0.9988,-0.8048,1.0,-1.0,-1.0,1.0,1.0,1.0,1.0,-1.0,1.0,-1.0,4.99,4.94,0.0,4.95,0.0,0.0,0.0,5.02,4.99,4.95,5.04,0.0,4.97,4.98,4.99,0.0,0.0,0.0,0.0,0.0,0.0,4.98,0.0,4.99,0.0,0.0,5.05,5.08,4.91,4.97,0.0,4.99,0.0,-0.4326,0.0,0.0,-1.0
2026-04-08T14:00:00+00:00,99.79,15.0,0.0,-0.1223,0,1.0,1.0,-1.0,1.0,-1.0,-1.0,-1.0,1.0,1.0,1.0,1.0,-1.0,1.0,1.0,1.0,-1.0,-1.0,-1.0,-1.0,-1.0,-1.0,0.9993,-0.8491,1.0,-1.0,-1.0,1.0,1.0,1.0,1.0,-1.0,1.0,-1.0,4.98,4.94,0.0,4.96,0.0,0.0,0.0,5.03,4.98,4.94,5.04,0.0,4.97,4.98,4.99,0.0,0.0,0.0,0.0,0.0,0.0,4.98,0.0,4.99,0.0,0.0,5.06,5.07,4.91,4.96,0.0,4.98,0.0,1.3598,0.0,0.0,0.1938
2026-04-08T14:02:00+00:00,99.83,15.0,0.0,-0.0833,0,1.0,1.0,-1.0,1.0,-1.0,-1.0,-1.0,1.0,1.0,1.0,1.0,-1.0,1.0,1.0,1.0,-1.0,-1.0,-1.0,-1.0,-1.0,-1.0,0.9986,-0.7928,1.0,-1.0,-1.0,1.0,1.0,1.0,1.0,-1.0,1.0,-1.0,4.99,4.94,0.0,4.95,0.0,0.0,0.0,5.03,4.97,4.94,5.05,0.0,4.97,4.98,4.99,0.0,0.0,0.0,0.0,0.0,0.0,4.98,0.0,4.99,0.0,0.0,5.06,5.09,4.92,4.97,0.0,4.99,0.0,-0.2582,0.0,4.0,-1.0
2026-04-08T14:04:00+00:00,99.82,15.0,0.0,-0.0963,0,1.0,1.0,-1.0,1.0,-1.0,-1.0,-1.0,1.0,1.0,1.0,1.0,-1.0,1.0,1.0,1.0,-1.0,-1.0,-1.0,-1.0,-1.0,-1.0,0.9988,-0.8058,1.0,-1.0,-1.0,1.0,1.0,1.0,1.0,-1.0,1.0,-1.0,4.99,4.95,0.0,4.95,0.0,0.0,0.0,5.02,4.98,4.93,5.05,0.0,4.97,4.98,4.99,0.0,0.0,0.0,0.0,0.0,0.0,4.98,0.0,4.99,0.0,0.0,5.06,5.08,4.93,4.97,0.0,4.99,0.0,-0.2582,0.0,0.0,-1.0
2026-04-08T14:06:00+00:00,99.8,15.0,0.0,-0.1153,0,1.0,1.0,-1.0,1.0,-1.0,-1.0,-1.0,1.0,1.0,1.0,1.0,-1.0,1.0,1.0,1.0,-1.0,-1.0,-1.0,-1.0,-1.0,-1.0,0.9988,-0.8067,1.0,-1.0,-1.0,1.0,1.0,1.0,1.0,-1.0,1.0,-1.0,5.01,4.94,0.0,4.95,0.0,0.0,0.0,5.03,4.98,4.92,5.04,0.0,4.97,4.98,4.99,0.0,0.0,0.0,0.0,0.0,0.0,4.98,0.0,4.99,0.0,0.0,5.04,5.07,4.92,4.98,0.0,5.0,0.0,-0.2582,0.0,0.0,-1.0
2026-04-08T14:08:00+00:00,99.75,15.0,0.0,-0.1622,0,1.0,1.0,-1.0,1.0,-1.0,-1.0,-1.0,1.0,1.0,1.0,1.0,-1.0,1.0,1.0,1.0,-1.0,-1.0,-1.0,-1.0,-1.0,-1.0,0.9989,-0.8168,1.0,-1.0,-1.0,1.0,1.0,1.0,1.0,-1.0,1.0,-1.0,5.0,4.94,0.0,4.94,0.0,0.0,0.0,5.02,4.98,4.92,5.04,0.0,4.97,4.98,4.98,0.0,0.0,0.0,0.0,0.0,0.0,4.98,0.0,4.99,0.0,0.0,5.04,5.08,4.92,4.97,0.0,4.99,0.0,-0.3789,0.0,0.0,-1.0
2026-04-08T14:10:00+00:00,99.76,15.0,0.0,-0.153,0,1.0,1.0,-1.0,1.0,-1.0,-1.0,-1.0,1.0,1.0,1.0,1.0,-1.0,1.0,1.0,1.0,-1.0,-1.0,-1.0,-1.0,-1.0,-1.0,0.9992,-0.84,1.0,-1.0,-1.0,1.0,1.0,1.0,1.0,-1.0,1.0,-1.0,5.0,4.94,0.0,4.95,0.0,0.0,0.0,5.02,4.98,4.92,5.04,0.0,4.97,4.98,4.99,0.0,0.0,0.0,0.0,0.0,0.0,4.98,0.0,4.99,0.0,0.0,5.03,5.08,4.93,4.97,0.0,4.99,0.0,0.0,0.0,0.0,-1.0
2026-04-08T14:12:00+00:00,99.77,15.0,0.0,-0.1499,0,1.0,1.0,-1.0,1.0,-1.0,-1.0,-1.0,1.0,1.0,1.0,1.0,-1.0,1.0,1.0,1.0,-1.0,-1.0,-1.0,-1.0,-1.0,-1.0,0.9997,-0.885,1.0,-1.0,-1.0,1.0,1.0,1.0,1.0,-1.0,1.0,-1.0,5.0,4.94,0.0,4.95,0.0,0.0,0.0,5.02,4.97,4.91,5.04,0.0,4.97,4.98,4.99,0.0,0.0,0.0,0.0,0.0,0.0,4.98,0.0,4.99,0.0,0.0,5.04,5.09,4.94,4.97,0.0,4.99,0.0,3.6148,0.0,0.0,1.0
2026-04-08T14:14:00+00:00,99.76,15.0,0.0,-0.1563,0,1.0,1.0,-1.0,1.0,-1.0,-1.0,-1.0,1.0,1.0,1.0,1.0,-1.0,1.0,1.0,1.0,-1.0,-1.0,-1.0,-1.0,-1.0,-1.0,0.9996,-0.8813,1.0,-1.0,-1.0,1.0,1.0,1.0,1.0,-1.0,1.0,-1.0,5.0,4.94,0.0,4.95,0.0,0.0,0.0,5.03,4.99,4.91,5.04,0.0,4.97,4.98,4.98,0.0,0.0,0.0,0.0,0.0,0.0,4.98,0.0,4.99,0.0,0.0,5.03,5.09,4.92,4.97,0.0,4.99,0.0,2.4631,0.0,0.0,1.0
2026-04-08T14:16:00+00:00,99.76,15.0,0.0,-0.1571,0,1.0,1.0,-1.0,1.0,-1.0,-1.0,-1.0,1.0,1.0,1.0,1.0,-1.0,1.0,1.0,1.0,-1.0,-1.0,-1.0,-1.0,-1.0,-1.0,0.9995,-0.8719,1.0,-1.0,-1.0,1.0,1.0,1.0,1.0,-1.0,1.0,-1.0,4.99,4.95,0.0,4.95,0.0,0.0,0.0,5.03,4.98,4.92,5.04,0.0,4.97,4.98,4.98,0.0,0.0,0.0,0.0,0.0,0.0,4.98,0.0,4.99,0.0,0.0,5.03,5.08,4.92,4.97,0.0,4.99,0.0,1.9322,0.0,0.0,1.0
2026-04-08T14:18:00+00:00,99.71,15.0,0.0,-0.209,0,1.0,1.0,-1.0,1.0,-1.0,-1.0,-1.0,1.0,1.0,1.0,1.0,-1.0,1.0,1.0,1.0,-1.0,-1.0,-1.0,-1.0,-1.0,-1.0,0.9994,-0.8643,1.0,-1.0,-1.0,1.0,1.0,1.0,1.0,-1.0,1.0,-1.0,4.99,4.94,0.0,4.96,0.0,0.0,0.0,5.04,4.99,4.91,5.03,0.0,4.97,4.98,4.97,0.0,0.0,0.0,0.0,0.0,0.0,4.98,0.0,4.99,0.0,0.0,5.03,5.07,4.92,4.97,0.0,4.97,0.0,1.4289,0.0,0.0,0.8009
2026-04-08T14:20:00+00:00,99.73,15.0,0.0,-0.1812,0,1.0,1.0,-1.0,1.0,-1.0,-1.0,-1.0,1.0,1.0,1.0,1.0,-1.0,1.0,1.0,1.0,-1.0,-1.0,-1.0,-1.0,-1.0,-1.0,0.9992,-0.8389,1.0,-1.0,-1.0,1.0,1.0,1.0,1.0,-1.0,1.0,-1.0,4.99,4.95,0.0,4.97,0.0,0.0,0.0,5.04,5.0,4.91,5.03,0.0,4.97,4.98,4.98,0.0,0.0,0.0,0.0,0.0,0.0,4.98,0.0,4.99,0.0,0.0,5.02,5.07,4.92,4.97,0.0,4.97,0.0,0.525,0.0,0.0,0.2348
2026-04-08T14:22:00+00:00,99.73,15.0,0.0,-0.1846,0,1.0,1.0,-1.0,1.0,-1.0,-1.0,-1.0,1.0,1.0,1.0,1.0,-1.0,1.0,1.0,1.0,-1.0,-1.0,-1.0,-1.0,-1.0,-1.0,0.9992,-0.84,1.0,-1.0,-1.0,1.0,1.0,1.0,1.0,-1.0,1.0,-1.0,4.99,4.94,0.0,4.97,0.0,0.0,0.0,5.04,5.0,4.91,5.03,0.0,4.97,4.98,4.98,0.0,0.0,0.0,0.0,0.0,0.0,4.98,0.0,4.99,0.0,0.0,5.04,5.07,4.92,4.97,0.0,4.96,0.0,0.6816,0.0,0.0,0.2348
2026-04-08T14:24:00+00:00,99.69,15.0,0.0,-0.2286,0,1.0,1.0,-1.0,1.0,-1.0,-1.0,-1.0,1.0,1.0,1.0,1.0,-1.0,1.0,1.0,1.0,-1.0,-1.0,-1.0,-1.0,-1.0,-1.0,0.9992,-0.8407,1.0,-1.0,-1.0,1.0,1.0,1.0,1.0,-1.0,1.0,-1.0,4.98,4.94,0.0,4.96,0.0,0.0,0.0,5.03,5.0,4.91,5.02,0.0,4.97,4.98,4.97,0.0,0.0,0.0,0.0,0.0,0.0,4.98,0.0,4.99,0.0,0.0,5.03,5.06,4.92,4.97,0.0,4.96,0.0,0.7543,0.0,0.0,0.2522
2026-04-08T14:26:00+00:00,99.71,15.0,0.0,-0.2031,0,1.0,1.0,-1.0,1.0,-1.0,-1.0,-1.0,1.0,1.0,1.0,1.0,-1.0,1.0,1.0,1.0,-1.0,-1.0,-1.0,-1.0,-1.0,-1.0,0.9995,-0.8683,1.0,-1.0,-1.0,1.0,1.0,1.0,1.0,-1.0,1.0,-1.0,4.99,4.94,0.0,4.97,0.0,0.0,0.0,5.03,5.0,4.92,5.02,0.0,4.97,4.98,4.98,0.0,0.0,0.0,0.0,0.0,0.0,4.98,0.0,4.99,0.0,0.0,5.02,5.07,4.92,4.98,0.0,4.96,0.0,1.8027,0.0,0.0,1.0
2026-04-08T14:28:00+00:00,99.67,15.0,0.0,-0.2487,0,1.0,1.0,-1.0,1.0,-1.0,-1.0,-1.0,1.0,1.0,1.0,1.0,-1.0,1.0,1.0,1.0,-1.0,-1.0,-1.0,-1.0,-1.0,-1.0,0.9995,-0.8712,1.0,-1.0,-1.0,1.0,1.0,1.0,1.0,-1.0,1.0,-1.0,4.98,4.94,0.0,4.97,0.0,0.0,0.0,5.04,4.99,4.9,5.02,0.0,4.97,4.98,4.97,0.0,0.0,0.0,0.0,0.0,0.0,4.98,0.0,4.99,0.0,0.0,5.02,5.07,4.93,4.97,0.0,4.95,0.0,1.9246,0.0,0.0,1.0
2026-04-08T14:30:00+00:00,99.64,15.0,0.0,-0.2731,0,1.0,1.0,-1.0,1.0,-1.0,-1.0,-1.0,1.0,1.0,1.0,1.0,-1.0,1.0,1.0,1.0,-1.0,-1.0,-1.0,-1.0,-1.0,-1.0,0.9995,-0.8715,1.0,-1.0,-1.0,1.0,1.0,1.0,1.0,-1.0,1.0,-1.0,4.98,4.94,0.0,4.97,0.0,0.0,0.0,5.04,4.99,4.9,5.01,0.0,4.97,4.97,4.97,0.0,0.0,0.0,0.0,0.0,0.0,4.98,0.0,4.99,0.0,0.0,5.02,5.07,4.93,4.96,0.0,4.96,0.0,1.7386,0.0,0.0,1.0
2026-04-08T14:32:00+00:00,99.61,15.0,0.0,-0.3008,0,1.0,1.0,-1.0,1.0,-1.0,-1.0,-1.0,1.0,1.0,1.0,1.0,-1.0,1.0,1.0,1.0,-1.0,-1.0,-1.0,-1.0,-1.0,-1.0,0.9995,-0.8675,1.0,-1.0,-1.0,1.0,1.0,1.0,1.0,-1.0,1.0,-1.0,4.98,4.94,0.0,4.96,0.0,0.0,0.0,5.03,4.99,4.9,4.99,0.0,4.97,4.97,4.96,0.0,0.0,0.0,0.0,0.0,0.0,4.98,0.0,4.99,0.0,0.0,5.03,5.07,4.94,4.96,0.0,4.96,0.0,1.3964,0.0,0.0,1.0
2026-04-08T14:34:00+00:00,99.62,15.0,0.0,-0.2933,0,1.0,1.0,-1.0,1.0,-1.0,-1.0,-1.0,1.0,1.0,1.0,1.0,-1.0,1.0,1.0,1.0,-1.0,-1.0,-1.0,-1.0,-1.0,-1.0,0.9995,-0.8693,1.0,-1.0,-1.0,1.0,1.0,1.0,1.0,-1.0,1.0,-1.0,4.98,4.93,0.0,4.97,0.0,0.0,0.0,5.03,4.99,4.9,5.0,0.0,4.96,4.97,4.95,0.0,0.0,0.0,0.0,0.0,0.0,4.98,0.0,4.99,0.0,0.0,5.04,5.07,4.94,4.97,0.0,4.95,0.0,1.3569,0.0,0.0,1.0
2026-04-08T14:36:00+00:00,99.65,15.0,0.0,-0.2642,0,1.0,1.0,-1.0,1.0,-1.0,-1.0,-1.0,1.0,1.0,1.0,1.0,-1.0,1.0,1.0,1.0,-1.0,-1.0,-1.0,-1.0,-1.0,-1.0,0.9995,-0.868,1.0,-1.0,-1.0,1.0,1.0,1.0,1.0,-1.0,1.0,-1.0,4.98,4.94,0.0,4.97,0.0,0.0,0.0,5.03,5.0,4.9,5.0,0.0,4.97,4.97,4.96,0.0,0.0,0.0,0.0,0.0,0.0,4.98,0.0,4.99,0.0,0.0,5.04,5.07,4.94,4.96,0.0,4.95,0.0,1.4814,0.0,0.0,1.0
2026-04-08T14:38:00+00:00,99.61,15.0,0.0,-0.3021,0,1.0,1.0,-1.0,1.0,-1.0,-1.0,-1.0,1.0,1.0,1.0,1.0,-1.0,1.0,1.0,1.0,-1.0,-1.0,-1.0,-1.0,-1.0,-1.0,0.9994,-0.8589,1.0,-1.0,-1.0,1.0,1.0,1.0,1.0,-1.0,1.0,-1.0,4.98,4.94,0.0,4.97,0.0,0.0,0.0,5.02,4.99,4.9,5.0,0.0,4.96,4.97,4.96,0.0,0.0,0.0,0.0,0.0,0.0,4.98,0.0,4.99,0.0,0.0,5.04,5.08,4.94,4.95,0.0,4.95,0.0,1.1707,0.0,0.0,0.7594
2026-04-08T14:40:00+00:00,99.63,15.0,0.0,-0.2803,0,1.0,1.0,-1.0,1.0,-1.0,-1.0,-1.0,1.0,1.0,1.0,1.0,-1.0,1.0,1.0,1.0,-1.0,-1.0,-1.0,-1.0,-1.0,-1.0,0.9993,-0.8488,1.0,-1.0,-1.0,1.0,1.0,1.0,1.0,-1.0,1.0,-1.0,4.99,4.94,0.0,4.96,0.0,0.0,0.0,5.02,5.0,4.9,5.0,0.0,4.97,4.97,4.96,0.0,0.0,0.0,0.0,0.0,0.0,4.98,0.0,4.99,0.0,0.0,5.04,5.09,4.94,4.95,0.0,4.95,0.0,0.8908,0.0,0.0,0.5075
2026-04-08T14:42:00+00:00,99.68,15.0,0.0,-0.2314,0,1.0,1.0,-1.0,1.0,-1.0,-1.0,-1.0,1.0,1.0,1.0,1.0,-1.0,1.0,1.0,1.0,-1.0,-1.0,-1.0,-1.0,-1.0,-1.0,0.9993,-0.8516,1.0,-1.0,-1.0,1.0,1.0,1.0,1.0,-1.0,1.0,-1.0,4.99,4.94,0.0,4.97,0.0,0.0,0.0,5.02,5.01,4.9,5.02,0.0,4.96,4.97,4.95,0.0,0.0,0.0,0.0,0.0,0.0,4.98,0.0,4.99,0.0,0.0,5.04,5.1,4.94,4.95,0.0,4.96,0.0,1.0574,0.0,0.0,0.5075
