date,ticker,action,action_signal,shares,price,gross_value,fee,net_value,avg_cost,realized_pnl,holdings_after,cash_after
2024-01-31,MSFT,BUY,0.2785,0.002789,390.8472,1.09,0.0011,1.09,390.8472,0.0,0.002789,98.91
2024-01-31,AMZN,BUY,0.8785,0.021919,155.2,3.41,0.0034,3.4,155.2,0.0,0.021919,95.5
2024-01-31,TSLA,BUY,0.5443,0.010866,187.29,2.04,0.002,2.04,187.29,0.0,0.010866,93.47
2024-01-31,JPM,BUY,0.567,0.01242,167.0381,2.08,0.0021,2.07,167.0381,0.0,0.01242,91.39
2024-01-31,V,BUY,0.8846,0.011778,268.7205,3.17,0.0032,3.16,268.7205,0.0,0.011778,88.22
2024-01-31,JNJ,BUY,0.9806,0.022783,148.6587,3.39,0.0034,3.39,148.6587,0.0,0.022783,84.83
2024-01-31,LDO.MI,BUY,0.5441,0.114169,15.8262,1.81,0.0018,1.81,15.8262,0.0,0.114169,83.02
2024-01-31,ENI.MI,BUY,0.9473,0.238675,12.9008,3.08,0.0031,3.08,12.9008,0.0,0.238675,79.94
2024-01-31,RACE.MI,BUY,0.938,0.009197,319.1694,2.94,0.0029,2.94,319.1694,0.0,0.009197,77.0
2024-01-31,^GSPC,BUY,0.2876,0.000179,4845.6504,0.87,0.0009,0.87,4845.6504,0.0,0.000179,76.13
2024-01-31,FTSEMIB.MI,BUY,0.9876,9.6e-05,30744.0,2.95,0.0029,2.94,30744.0,0.0,9.6e-05,73.19
2024-01-31,SPY,BUY,0.9018,0.005483,471.2307,2.59,0.0026,2.58,471.2307,0.0,0.005483,70.6
2024-01-31,IVV,BUY,0.9399,0.005512,471.3362,2.6,0.0026,2.6,471.3362,0.0,0.005512,68.0
2024-01-31,EEM,BUY,0.984,0.071555,36.6101,2.62,0.0026,2.62,36.6101,0.0,0.071555,65.38
2024-01-31,EFA,BUY,0.9877,0.036002,70.2217,2.53,0.0025,2.53,70.2217,0.0,0.036002,62.85
2024-01-31,VNQ,BUY,0.977,0.030964,77.6368,2.41,0.0024,2.4,77.6368,0.0,0.030964,60.44
2024-01-31,GC=F,BUY,0.9037,0.001044,2048.3999,2.14,0.0021,2.14,2048.3999,0.0,0.001044,58.3
2024-01-31,SI=F,BUY,0.8955,0.088668,23.051,2.05,0.002,2.04,23.051,0.0,0.088668,56.25
2024-01-31,NG=F,BUY,0.9452,0.99123,2.1,2.08,0.0021,2.08,2.1,0.0,0.99123,54.17
2024-01-31,HG=F,BUY,0.5631,0.306018,3.9025,1.2,0.0012,1.19,3.9025,0.0,0.306018,52.98
2024-01-31,GLD,BUY,0.9954,0.010955,188.45,2.07,0.0021,2.06,188.45,0.0,0.010955,50.91
2024-01-31,USO,BUY,0.8965,0.025193,70.92,1.79,0.0018,1.79,70.92,0.0,0.025193,49.12
2024-01-31,EURUSD=X,BUY,0.6971,1.236332,1.0843,1.34,0.0013,1.34,1.0843,0.0,1.236332,47.78
2024-01-31,USDJPY=X,BUY,0.9896,0.01256,147.369,1.85,0.0019,1.85,147.369,0.0,0.01256,45.93
2024-01-31,BND,BUY,0.9292,0.024682,67.6857,1.67,0.0017,1.67,67.6857,0.0,0.024682,44.25
2024-01-31,IEF,BUY,0.5512,0.010717,89.0943,0.96,0.001,0.95,89.0943,0.0,0.010717,43.3
2024-01-31,BTC-USD,BUY,0.6656,2.6e-05,42582.6055,1.13,0.0011,1.13,42582.6055,0.0,2.6e-05,42.17
2024-01-31,ETH-USD,BUY,0.4128,0.000299,2282.5444,0.68,0.0007,0.68,2282.5444,0.0,0.000299,41.49
2024-01-31,XOM,BUY,0.9488,0.016175,95.2641,1.54,0.0015,1.54,95.2641,0.0,0.016175,39.94
2024-01-31,CVX,BUY,0.6955,0.00813,133.7704,1.09,0.0011,1.09,133.7704,0.0,0.00813,38.86
2024-01-31,WMT,BUY,0.0129,0.000363,53.9148,0.02,0.0,0.02,53.9148,0.0,0.000363,38.84
2024-01-31,NFLX,BUY,0.9149,0.024658,56.411,1.39,0.0014,1.39,56.411,0.0,0.024658,37.44
2024-01-31,KO,BUY,0.8724,0.022962,55.6897,1.28,0.0013,1.28,55.6897,0.0,0.022962,36.16
2024-01-31,WMT,HOLD,0.0129,0.0,53.9148,0.0,0.0,0.0,53.9148,0.0,0.000363,36.16
2024-02-01,MSFT,BUY,0.2785,0.000993,396.9421,0.39,0.0004,0.39,392.4475,0.0,0.003782,35.77
2024-02-01,AMZN,BUY,0.8785,0.007723,159.28,1.23,0.0012,1.23,156.2631,0.0,0.029643,34.54
2024-02-01,TSLA,BUY,0.5444,0.003897,188.86,0.74,0.0007,0.74,187.7044,0.0,0.014764,33.8
2024-02-01,JPM,BUY,0.567,0.004508,166.4346,0.75,0.0008,0.75,166.8774,0.0,0.016928,33.05
2024-02-01,V,BUY,0.8846,0.004201,272.4474,1.15,0.0011,1.14,269.7003,0.0,0.015979,31.9
2024-02-01,JNJ,BUY,0.9806,0.008267,148.1535,1.23,0.0012,1.22,148.5242,0.0,0.03105,30.68
2024-02-01,LDO.MI,BUY,0.5441,0.041778,15.6406,0.65,0.0007,0.65,15.7765,0.0,0.155947,30.02
2024-02-01,ENI.MI,BUY,0.9473,0.086405,12.8869,1.11,0.0011,1.11,12.8971,0.0,0.32508,28.91
2024-02-01,RACE.MI,BUY,0.9379,0.003045,348.5523,1.06,0.0011,1.06,326.4788,0.0,0.012242,27.85
2024-02-01,^GSPC,BUY,0.2876,6.4e-05,4906.1899,0.31,0.0003,0.31,4861.5815,0.0,0.000243,27.53
2024-02-01,FTSEMIB.MI,BUY,0.9876,3.5e-05,30689.0,1.07,0.0011,1.06,30729.375,0.0,0.00013,26.47
2024-02-01,SPY,BUY,0.9018,0.001957,477.3982,0.94,0.0009,0.93,472.853,0.0,0.00744,25.53
2024-02-01,IVV,BUY,0.9399,0.001967,477.5921,0.94,0.0009,0.94,472.9816,0.0,0.007479,24.59
2024-02-01,EEM,BUY,0.984,0.02563,36.963,0.95,0.0009,0.95,36.7032,0.0,0.097185,23.64
2024-02-01,EFA,BUY,0.9877,0.012892,70.9145,0.92,0.0009,0.91,70.4044,0.0,0.048894,22.73
2024-02-01,VNQ,BUY,0.9771,0.010998,79.0435,0.87,0.0009,0.87,78.0055,0.0,0.041962,21.86
2024-02-01,GC=F,BUY,0.9037,0.000377,2053.0,0.77,0.0008,0.77,2049.6196,0.0,0.001421,21.08
2024-02-01,SI=F,BUY,0.8955,0.031956,23.13,0.74,0.0007,0.74,23.0719,0.0,0.120624,20.34
2024-02-01,NG=F,BUY,0.9452,0.367198,2.05,0.75,0.0008,0.75,2.0865,0.0,1.358427,19.59
2024-02-01,HG=F,BUY,0.5631,0.112107,3.8525,0.43,0.0004,0.43,3.8891,0.0,0.418125,19.16
2024-02-01,GLD,BUY,0.9954,0.003921,190.41,0.75,0.0007,0.75,188.9666,0.0,0.014876,18.41
2024-02-01,USO,BUY,0.8965,0.009355,69.07,0.65,0.0006,0.65,70.4191,0.0,0.034548,17.76
2024-02-01,EURUSD=X,BUY,0.6972,0.448745,1.0804,0.49,0.0005,0.48,1.0833,0.0,1.685077,17.28
2024-02-01,USDJPY=X,BUY,0.9896,0.004554,146.996,0.67,0.0007,0.67,147.2698,0.0,0.017114,16.61
2024-02-01,BND,BUY,0.9292,0.008872,68.0942,0.6,0.0006,0.6,67.7937,0.0,0.033554,16.0
2024-02-01,IEF,BUY,0.5512,0.003852,89.6462,0.35,0.0003,0.35,89.2402,0.0,0.014569,15.66
2024-02-01,BTC-USD,BUY,0.6656,9e-06,43075.7734,0.41,0.0004,0.41,42712.4766,0.0,3.6e-05,15.25
2024-02-01,ETH-USD,BUY,0.4129,0.000107,2303.8247,0.25,0.0002,0.25,2288.1587,0.0,0.000406,15.0
2024-02-01,XOM,BUY,0.9488,0.005873,94.8749,0.56,0.0006,0.56,95.1604,0.0,0.022048,14.44
2024-02-01,CVX,BUY,0.6955,0.002931,134.1878,0.39,0.0004,0.39,133.881,0.0,0.011061,14.05
2024-02-01,WMT,BUY,0.0129,0.000129,54.9132,0.01,0.0,0.01,54.1766,0.0,0.000492,14.04
2024-02-01,NFLX,BUY,0.9149,0.008864,56.751,0.5,0.0005,0.5,56.5009,0.0,0.033522,13.54
2024-02-01,KO,BUY,0.8724,0.008101,57.0845,0.46,0.0005,0.46,56.0534,0.0,0.031063,13.08
2024-02-01,WMT,HOLD,0.0129,0.0,54.9132,0.0,0.0,0.0,54.1766,0.0,0.000492,13.08
2024-02-02,MSFT,BUY,0.2785,0.000353,404.2562,0.14,0.0001,0.14,393.4546,0.0,0.004135,12.94
2024-02-02,AMZN,BUY,0.8785,0.002589,171.81,0.45,0.0004,0.44,157.512,0.0,0.032232,12.49
2024-02-02,TSLA,BUY,0.5444,0.001417,187.91,0.27,0.0003,0.27,187.7224,0.0,0.01618,12.22
2024-02-02,JPM,BUY,0.567,0.001621,167.3926,0.27,0.0003,0.27,166.9224,0.0,0.018549,11.95
2024-02-02,V,BUY,0.8846,0.001519,272.5753,0.41,0.0004,0.41,269.9498,0.0,0.017497,11.54
2024-02-02,JNJ,BUY,0.9806,0.003023,146.5163,0.44,0.0004,0.44,148.3461,0.0,0.034073,11.09
2024-02-02,LDO.MI,BUY,0.5441,0.015127,15.6211,0.24,0.0002,0.24,15.7627,0.0,0.171074,10.86
2024-02-02,ENI.MI,BUY,0.9473,0.031701,12.7022,0.4,0.0004,0.4,12.8798,0.0,0.356781,10.45
2024-02-02,RACE.MI,BUY,0.9379,0.00112,342.6363,0.38,0.0004,0.38,327.8335,0.0,0.013363,10.07
2024-02-02,^GSPC,BUY,0.2876,2.3e-05,4958.6104,0.11,0.0001,0.11,4869.9307,0.0,0.000266,9.96
2024-02-02,FTSEMIB.MI,BUY,0.9876,1.3e-05,30718.0,0.39,0.0004,0.38,30728.377,0.0,0.000143,9.57
2024-02-02,SPY,BUY,0.9018,0.0007,482.4239,0.34,0.0003,0.34,473.6765,0.0,0.008141,9.23
2024-02-02,IVV,BUY,0.9399,0.000704,482.5172,0.34,0.0003,0.34,473.8022,0.0,0.008183,8.89
2024-02-02,EEM,BUY,0.984,0.009295,36.8581,0.34,0.0003,0.34,36.7167,0.0,0.10648,8.55
2024-02-02,EFA,BUY,0.9878,0.004699,70.3528,0.33,0.0003,0.33,70.3998,0.0,0.053594,8.22
2024-02-02,VNQ,BUY,0.9771,0.004027,78.0625,0.31,0.0003,0.31,78.0105,0.0,0.045989,7.9
2024-02-02,GC=F,BUY,0.9037,0.000137,2036.0999,0.28,0.0003,0.28,2048.4277,0.0,0.001558,7.62
2024-02-02,SI=F,BUY,0.8955,0.011775,22.701,0.27,0.0003,0.27,23.0389,0.0,0.132398,7.36
2024-02-02,NG=F,BUY,0.9452,0.130937,2.079,0.27,0.0003,0.27,2.0858,0.0,1.489364,7.08
2024-02-02,HG=F,BUY,0.5632,0.040871,3.8215,0.16,0.0002,0.16,3.8831,0.0,0.458996,6.93
2024-02-02,GLD,BUY,0.9954,0.001431,188.61,0.27,0.0003,0.27,188.9353,0.0,0.016307,6.66
2024-02-02,USO,BUY,0.8965,0.003461,67.51,0.23,0.0002,0.23,70.1542,0.0,0.038009,6.42
2024-02-02,EURUSD=X,BUY,0.6972,0.161226,1.0875,0.18,0.0002,0.18,1.0837,0.0,1.846303,6.25
2024-02-02,USDJPY=X,BUY,0.9896,0.001653,146.451,0.24,0.0002,0.24,147.1976,0.0,0.018767,6.01
2024-02-02,BND,BUY,0.9292,0.003237,67.4841,0.22,0.0002,0.22,67.7665,0.0,0.036791,5.79
2024-02-02,IEF,BUY,0.5511,0.001411,88.4795,0.12,0.0001,0.12,89.173,0.0,0.015981,5.66
2024-02-02,BTC-USD,BUY,0.6656,3e-06,43185.8594,0.15,0.0001,0.15,42753.5391,0.0,3.9e-05,5.51
2024-02-02,ETH-USD,BUY,0.4129,3.9e-05,2308.0381,0.09,0.0001,0.09,2289.8875,0.0,0.000444,5.43
2024-02-02,XOM,BUY,0.9488,0.002133,94.4857,0.2,0.0002,0.2,95.1009,0.0,0.024181,5.22
2024-02-02,CVX,BUY,0.6955,0.00103,138.1348,0.14,0.0001,0.14,134.2433,0.0,0.012091,5.08
2024-02-02,WMT,BUY,0.0129,4.6e-05,55.3243,0.0,0.0,0.0,54.2754,0.0,0.000538,5.08
2024-02-02,NFLX,BUY,0.9149,0.003222,56.464,0.18,0.0002,0.18,56.4977,0.0,0.036744,4.9
2024-02-02,KO,BUY,0.8723,0.002951,56.6726,0.17,0.0002,0.17,56.1071,0.0,0.034014,4.73
2024-02-02,WMT,HOLD,0.0129,0.0,55.3243,0.0,0.0,0.0,54.2754,0.0,0.000538,4.73
2024-02-03,MSFT,BUY,0.2785,0.000128,404.2562,0.05,0.0001,0.05,393.7778,0.0,0.004262,4.68
2024-02-03,AMZN,BUY,0.8785,0.000936,171.81,0.16,0.0002,0.16,157.9157,0.0,0.033168,4.52
2024-02-03,TSLA,BUY,0.5444,0.000512,187.91,0.1,0.0001,0.1,187.7282,0.0,0.016692,4.42
2024-02-03,JPM,BUY,0.567,0.000586,167.3926,0.1,0.0001,0.1,166.9368,0.0,0.019135,4.32
2024-02-03,V,BUY,0.8846,0.000549,272.5753,0.15,0.0001,0.15,270.0297,0.0,0.018047,4.17
2024-02-03,JNJ,BUY,0.9806,0.001093,146.5163,0.16,0.0002,0.16,148.2892,0.0,0.035166,4.01
2024-02-03,LDO.MI,BUY,0.5441,0.005471,15.6211,0.09,0.0001,0.09,15.7583,0.0,0.176545,3.93
2024-02-03,ENI.MI,BUY,0.9473,0.011464,12.7022,0.15,0.0001,0.15,12.8743,0.0,0.368245,3.78
2024-02-03,RACE.MI,BUY,0.9379,0.000405,342.6363,0.14,0.0001,0.14,328.2691,0.0,0.013768,3.64
2024-02-03,^GSPC,BUY,0.2876,8e-06,4958.6104,0.04,0.0,0.04,4872.6069,0.0,0.000274,3.6
2024-02-03,FTSEMIB.MI,BUY,0.9876,5e-06,30718.0,0.14,0.0001,0.14,30728.0586,0.0,0.000148,3.46
2024-02-03,SPY,BUY,0.9018,0.000253,482.4239,0.12,0.0001,0.12,473.9404,0.0,0.008394,3.34
2024-02-03,IVV,BUY,0.9399,0.000255,482.5172,0.12,0.0001,0.12,474.0652,0.0,0.008438,3.22
2024-02-03,EEM,BUY,0.984,0.003361,36.8581,0.12,0.0001,0.12,36.721,0.0,0.109841,3.09
2024-02-03,EFA,BUY,0.9878,0.001699,70.3528,0.12,0.0001,0.12,70.3984,0.0,0.055293,2.97
2024-02-03,VNQ,BUY,0.9771,0.001456,78.0625,0.11,0.0001,0.11,78.0121,0.0,0.047446,2.86
2024-02-03,GC=F,BUY,0.9037,5e-05,2036.0999,0.1,0.0001,0.1,2048.0469,0.0,0.001608,2.76
2024-02-03,SI=F,BUY,0.8955,0.004258,22.701,0.1,0.0001,0.1,23.0284,0.0,0.136656,2.66
2024-02-03,NG=F,BUY,0.9452,0.047351,2.079,0.1,0.0001,0.1,2.0856,0.0,1.536715,2.56
2024-02-03,HG=F,BUY,0.5632,0.014781,3.8215,0.06,0.0001,0.06,3.8812,0.0,0.473777,2.51
2024-02-03,GLD,BUY,0.9954,0.000518,188.61,0.1,0.0001,0.1,188.9253,0.0,0.016825,2.41
2024-02-03,USO,BUY,0.8965,0.001252,67.51,0.08,0.0001,0.08,70.0699,0.0,0.039261,2.32
2024-02-03,EURUSD=X,BUY,0.6972,0.058305,1.0875,0.06,0.0001,0.06,1.0838,0.0,1.904608,2.26
2024-02-03,USDJPY=X,BUY,0.9896,0.000598,146.451,0.09,0.0001,0.09,147.1746,0.0,0.019364,2.17
2024-02-03,BND,BUY,0.9292,0.001171,67.4841,0.08,0.0001,0.08,67.7577,0.0,0.037962,2.09
2024-02-03,IEF,BUY,0.5511,0.00051,88.4795,0.05,0.0,0.05,89.1516,0.0,0.016491,2.05
2024-02-03,BTC-USD,BUY,0.6656,1e-06,42992.25,0.05,0.0001,0.05,42760.8281,0.0,4.1e-05,1.99
2024-02-03,ETH-USD,BUY,0.413,1.4e-05,2296.0383,0.03,0.0,0.03,2290.0759,0.0,0.000458,1.96
2024-02-03,XOM,BUY,0.9488,0.000771,94.4857,0.07,0.0001,0.07,95.0819,0.0,0.024953,1.89
2024-02-03,CVX,BUY,0.6955,0.000372,138.1348,0.05,0.0001,0.05,134.3596,0.0,0.012463,1.84
2024-02-03,WMT,BUY,0.0129,1.7e-05,55.3243,0.0,0.0,0.0,54.307,0.0,0.000555,1.84
2024-02-03,NFLX,BUY,0.9149,0.001165,56.464,0.07,0.0001,0.07,56.4966,0.0,0.037909,1.77
2024-02-03,KO,BUY,0.8723,0.001067,56.6726,0.06,0.0001,0.06,56.1243,0.0,0.035081,1.71
2024-02-03,WMT,HOLD,0.0129,0.0,55.3243,0.0,0.0,0.0,54.307,0.0,0.000555,1.71
2024-02-04,MSFT,BUY,0.2785,4.6e-05,404.2562,0.02,0.0,0.02,393.89,0.0,0.004309,1.69
2024-02-04,AMZN,BUY,0.8785,0.000339,171.81,0.06,0.0001,0.06,158.0561,0.0,0.033507,1.63
2024-02-04,TSLA,BUY,0.5444,0.000185,187.91,0.03,0.0,0.03,187.7302,0.0,0.016878,1.6
2024-02-04,JPM,BUY,0.567,0.000212,167.3926,0.04,0.0,0.04,166.9418,0.0,0.019347,1.56
2024-02-04,V,BUY,0.8846,0.000199,272.5753,0.05,0.0001,0.05,270.0574,0.0,0.018245,1.51
2024-02-04,JNJ,BUY,0.9806,0.000395,146.5163,0.06,0.0001,0.06,148.2695,0.0,0.035561,1.45
2024-02-04,LDO.MI,BUY,0.5441,0.001978,15.6211,0.03,0.0,0.03,15.7568,0.0,0.178523,1.42
2024-02-04,ENI.MI,BUY,0.9473,0.004146,12.7022,0.05,0.0001,0.05,12.8723,0.0,0.372391,1.37
2024-02-04,RACE.MI,BUY,0.9379,0.000147,342.6363,0.05,0.0001,0.05,328.4203,0.0,0.013914,1.32
2024-02-04,^GSPC,BUY,0.2876,3e-06,4958.6104,0.01,0.0,0.01,4873.5352,0.0,0.000277,1.3
2024-02-04,FTSEMIB.MI,BUY,0.9876,2e-06,30718.0,0.05,0.0001,0.05,30727.9473,0.0,0.000149,1.25
2024-02-04,SPY,BUY,0.9018,9.2e-05,482.4239,0.04,0.0,0.04,474.032,0.0,0.008486,1.21
2024-02-04,IVV,BUY,0.9399,9.2e-05,482.5172,0.04,0.0,0.04,474.1564,0.0,0.00853,1.16
2024-02-04,EEM,BUY,0.984,0.001216,36.8581,0.04,0.0,0.04,36.7225,0.0,0.111057,1.12
2024-02-04,EFA,BUY,0.9878,0.000615,70.3528,0.04,0.0,0.04,70.3979,0.0,0.055908,1.07
2024-02-04,VNQ,BUY,0.9771,0.000527,78.0625,0.04,0.0,0.04,78.0126,0.0,0.047972,1.03
2024-02-04,GC=F,BUY,0.9037,1.8e-05,2036.0999,0.04,0.0,0.04,2047.9148,0.0,0.001626,1.0
2024-02-04,SI=F,BUY,0.8955,0.00154,22.701,0.03,0.0,0.03,23.0248,0.0,0.138196,0.96
2024-02-04,NG=F,BUY,0.9452,0.017123,2.079,0.04,0.0,0.04,2.0855,0.0,1.553838,0.93
2024-02-04,HG=F,BUY,0.5632,0.005345,3.8215,0.02,0.0,0.02,3.8805,0.0,0.479122,0.91
2024-02-04,GLD,BUY,0.9954,0.000187,188.61,0.04,0.0,0.04,188.9218,0.0,0.017012,0.87
2024-02-04,USO,BUY,0.8965,0.000453,67.51,0.03,0.0,0.03,70.0407,0.0,0.039714,0.84
2024-02-04,EURUSD=X,BUY,0.6972,0.021085,1.0875,0.02,0.0,0.02,1.0838,0.0,1.925693,0.82
2024-02-04,USDJPY=X,BUY,0.9896,0.000216,146.451,0.03,0.0,0.03,147.1666,0.0,0.019581,0.79
2024-02-04,BND,BUY,0.9292,0.000423,67.4841,0.03,0.0,0.03,67.7547,0.0,0.038386,0.76
2024-02-04,IEF,BUY,0.5511,0.000185,88.4795,0.02,0.0,0.02,89.1441,0.0,0.016676,0.74
2024-02-04,BTC-USD,BUY,0.6656,0.0,42583.582,0.02,0.0,0.02,42758.8711,0.0,4.1e-05,0.72
2024-02-04,ETH-USD,BUY,0.4129,5e-06,2289.5461,0.01,0.0,0.01,2290.0701,0.0,0.000463,0.71
2024-02-04,XOM,BUY,0.9488,0.000279,94.4857,0.03,0.0,0.03,95.0753,0.0,0.025231,0.68
2024-02-04,CVX,BUY,0.6955,0.000135,138.1348,0.02,0.0,0.02,134.3999,0.0,0.012598,0.66
2024-02-04,WMT,BUY,0.0129,6e-06,55.3243,0.0,0.0,0.0,54.318,0.0,0.000561,0.66
2024-02-04,NFLX,BUY,0.9149,0.000421,56.464,0.02,0.0,0.02,56.4963,0.0,0.03833,0.64
2024-02-04,KO,BUY,0.8723,0.000386,56.6726,0.02,0.0,0.02,56.1303,0.0,0.035467,0.62
2024-02-04,WMT,HOLD,0.0129,0.0,55.3243,0.0,0.0,0.0,54.318,0.0,0.000561,0.62
2024-02-05,MSFT,BUY,0.2784,1.7e-05,398.7805,0.01,0.0,0.01,393.9091,0.0,0.004326,0.61
2024-02-05,AMZN,BUY,0.8785,0.000124,170.31,0.02,0.0,0.02,158.1011,0.0,0.03363,0.59
2024-02-05,TSLA,BUY,0.5444,7e-05,181.06,0.01,0.0,0.01,187.7028,0.0,0.016947,0.58
2024-02-05,JPM,BUY,0.567,7.7e-05,167.1723,0.01,0.0,0.01,166.9427,0.0,0.019423,0.57
2024-02-05,V,BUY,0.8846,7.2e-05,271.0019,0.02,0.0,0.02,270.0611,0.0,0.018317,0.55
2024-02-05,JNJ,BUY,0.9806,0.000144,145.7585,0.02,0.0,0.02,148.2594,0.0,0.035705,0.52
2024-02-05,LDO.MI,BUY,0.5441,0.000704,15.8652,0.01,0.0,0.01,15.7572,0.0,0.179228,0.51
2024-02-05,ENI.MI,BUY,0.9473,0.001521,12.5176,0.02,0.0,0.02,12.8709,0.0,0.373912,0.49
2024-02-05,RACE.MI,BUY,0.9379,5.3e-05,341.3545,0.02,0.0,0.02,328.4696,0.0,0.013968,0.48
2024-02-05,^GSPC,BUY,0.2876,1e-06,4942.8105,0.01,0.0,0.01,4873.8052,0.0,0.000278,0.47
2024-02-05,FTSEMIB.MI,BUY,0.9876,1e-06,30952.998,0.02,0.0,0.02,30728.832,0.0,0.00015,0.45
2024-02-05,SPY,BUY,0.9018,3.3e-05,480.6674,0.02,0.0,0.02,474.0579,0.0,0.008519,0.44
2024-02-05,IVV,BUY,0.9399,3.3e-05,480.9047,0.02,0.0,0.02,474.1827,0.0,0.008563,0.42
2024-02-05,EEM,BUY,0.984,0.000439,36.9057,0.02,0.0,0.02,36.7232,0.0,0.111496,0.4
2024-02-05,EFA,BUY,0.9878,0.000223,69.9783,0.02,0.0,0.02,70.3962,0.0,0.056131,0.39
2024-02-05,VNQ,BUY,0.9771,0.000195,76.4245,0.01,0.0,0.01,78.0062,0.0,0.048167,0.37
2024-02-05,GC=F,BUY,0.9037,7e-06,2025.7,0.01,0.0,0.01,2047.8259,0.0,0.001632,0.36
2024-02-05,SI=F,BUY,0.8955,0.000566,22.335,0.01,0.0,0.01,23.022,0.0,0.138762,0.35
2024-02-05,NG=F,BUY,0.9452,0.006183,2.082,0.01,0.0,0.01,2.0855,0.0,1.560022,0.34
2024-02-05,HG=F,BUY,0.5632,0.001958,3.772,0.01,0.0,0.01,3.88,0.0,0.48108,0.33
2024-02-05,GLD,BUY,0.9954,6.8e-05,187.57,0.01,0.0,0.01,188.9164,0.0,0.01708,0.31
2024-02-05,USO,BUY,0.8965,0.000162,68.18,0.01,0.0,0.01,70.0331,0.0,0.039876,0.3
2024-02-05,EURUSD=X,BUY,0.6972,0.007692,1.078,0.01,0.0,0.01,1.0838,0.0,1.933385,0.3
2024-02-05,USDJPY=X,BUY,0.9896,7.7e-05,148.501,0.01,0.0,0.01,147.1718,0.0,0.019658,0.28
2024-02-05,BND,BUY,0.9292,0.000154,66.948,0.01,0.0,0.01,67.7515,0.0,0.03854,0.27
2024-02-05,IEF,BUY,0.5511,6.7e-05,87.6184,0.01,0.0,0.01,89.138,0.0,0.016743,0.27
2024-02-05,BTC-USD,BUY,0.6656,0.0,42658.6719,0.01,0.0,0.01,42758.4766,0.0,4.1e-05,0.26
2024-02-05,ETH-USD,BUY,0.413,2e-06,2298.8889,0.0,0.0,0.0,2290.105,0.0,0.000465,0.26
2024-02-05,XOM,BUY,0.9488,0.000101,94.0966,0.01,0.0,0.01,95.0714,0.0,0.025333,0.25
2024-02-05,CVX,BUY,0.6955,4.9e-05,138.2165,0.01,0.0,0.01,134.4146,0.0,0.012647,0.24
2024-02-05,WMT,BUY,0.0129,2e-06,55.0274,0.0,0.0,0.0,54.3208,0.0,0.000563,0.24
2024-02-05,NFLX,BUY,0.9149,0.000153,56.206,0.01,0.0,0.01,56.4951,0.0,0.038483,0.23
2024-02-05,KO,BUY,0.8723,0.000141,56.2045,0.01,0.0,0.01,56.1306,0.0,0.035608,0.22
2024-02-05,WMT,HOLD,0.0129,0.0,55.0274,0.0,0.0,0.0,54.3208,0.0,0.000563,0.22
2024-02-06,MSFT,BUY,0.2784,6e-06,398.6232,0.0,0.0,0.0,393.9157,0.0,0.004332,0.22
2024-02-06,AMZN,BUY,0.8785,4.5e-05,169.15,0.01,0.0,0.01,158.1159,0.0,0.033675,0.21
2024-02-06,TSLA,BUY,0.5444,2.5e-05,185.1,0.0,0.0,0.0,187.699,0.0,0.016972,0.21
2024-02-06,JPM,BUY,0.567,2.8e-05,167.7471,0.0,0.0,0.0,166.9439,0.0,0.019451,0.2
2024-02-06,V,BUY,0.8846,2.6e-05,272.1623,0.01,0.0,0.01,270.0641,0.0,0.018343,0.2
2024-02-06,JNJ,BUY,0.9806,5.1e-05,147.8729,0.01,0.0,0.01,148.2588,0.0,0.035756,0.19
2024-02-06,LDO.MI,BUY,0.5441,0.000246,16.4561,0.0,0.0,0.0,15.7582,0.0,0.179473,0.19
2024-02-06,ENI.MI,BUY,0.9473,0.000542,12.7162,0.01,0.0,0.01,12.8707,0.0,0.374454,0.18
2024-02-06,RACE.MI,BUY,0.9379,1.9e-05,346.4817,0.01,0.0,0.01,328.494,0.0,0.013987,0.17
2024-02-06,^GSPC,BUY,0.2875,0.0,4954.23,0.0,0.0,0.0,4873.918,0.0,0.000278,0.17
2024-02-06,FTSEMIB.MI,BUY,0.9876,0.0,31116.998,0.01,0.0,0.01,30729.377,0.0,0.00015,0.16
2024-02-06,SPY,BUY,0.9018,1.2e-05,482.0629,0.01,0.0,0.01,474.0691,0.0,0.008531,0.16
2024-02-06,IVV,BUY,0.9399,1.2e-05,482.2064,0.01,0.0,0.01,474.194,0.0,0.008575,0.15
2024-02-06,EEM,BUY,0.984,0.000155,37.7449,0.01,0.0,0.01,36.7247,0.0,0.111651,0.15
2024-02-06,EFA,BUY,0.9878,8e-05,70.4089,0.01,0.0,0.01,70.3962,0.0,0.056212,0.14
2024-02-06,VNQ,BUY,0.9771,6.9e-05,77.4517,0.01,0.0,0.01,78.0054,0.0,0.048236,0.14
2024-02-06,GC=F,BUY,0.9037,2e-06,2034.4999,0.0,0.0,0.0,2047.8065,0.0,0.001634,0.13
2024-02-06,SI=F,BUY,0.8955,0.000204,22.393,0.0,0.0,0.0,23.021,0.0,0.138966,0.13
2024-02-06,NG=F,BUY,0.9452,0.002317,2.009,0.0,0.0,0.0,2.0854,0.0,1.562339,0.12
2024-02-06,HG=F,BUY,0.5632,0.000706,3.7825,0.0,0.0,0.0,3.8799,0.0,0.481786,0.12
2024-02-06,GLD,BUY,0.9954,2.4e-05,188.55,0.0,0.0,0.0,188.9159,0.0,0.017104,0.11
2024-02-06,USO,BUY,0.8965,5.8e-05,68.81,0.0,0.0,0.0,70.0313,0.0,0.039934,0.11
2024-02-06,EURUSD=X,BUY,0.6972,0.002792,1.0742,0.0,0.0,0.0,1.0838,0.0,1.936176,0.11
2024-02-06,USDJPY=X,BUY,0.9896,2.8e-05,148.64,0.0,0.0,0.0,147.1739,0.0,0.019686,0.1
2024-02-06,BND,BUY,0.9292,5.6e-05,67.2623,0.0,0.0,0.0,67.7508,0.0,0.038595,0.1
2024-02-06,IEF,BUY,0.5511,2.4e-05,88.0906,0.0,0.0,0.0,89.1365,0.0,0.016767,0.1
2024-02-06,BTC-USD,BUY,0.6656,0.0,43084.6719,0.0,0.0,0.0,42758.9414,0.0,4.1e-05,0.09
2024-02-06,ETH-USD,BUY,0.413,1e-06,2372.2019,0.0,0.0,0.0,2290.2183,0.0,0.000466,0.09
2024-02-06,XOM,BUY,0.9488,3.6e-05,94.7452,0.0,0.0,0.0,95.0709,0.0,0.025369,0.09
2024-02-06,CVX,BUY,0.6955,1.8e-05,138.2346,0.0,0.0,0.0,134.4199,0.0,0.012664,0.09
2024-02-06,WMT,BUY,0.0129,1e-06,55.4026,0.0,0.0,0.0,54.3223,0.0,0.000564,0.09
2024-02-06,NFLX,BUY,0.9149,5.6e-05,55.588,0.0,0.0,0.0,56.4938,0.0,0.038539,0.08
2024-02-06,KO,BUY,0.8723,5.1e-05,56.1109,0.0,0.0,0.0,56.1306,0.0,0.035659,0.08
2024-02-06,WMT,HOLD,0.0129,0.0,55.4026,0.0,0.0,0.0,54.3223,0.0,0.000564,0.08
2024-02-07,MSFT,BUY,0.2784,2e-06,407.0382,0.0,0.0,0.0,393.9223,0.0,0.004334,0.08
2024-02-07,AMZN,BUY,0.8785,1.6e-05,170.53,0.0,0.0,0.0,158.1218,0.0,0.033692,0.08
2024-02-07,TSLA,BUY,0.5445,9e-06,187.58,0.0,0.0,0.0,187.699,0.0,0.016981,0.08
2024-02-07,JPM,BUY,0.567,1e-05,168.0632,0.0,0.0,0.0,166.9444,0.0,0.019461,0.07
2024-02-07,V,BUY,0.8846,9e-06,274.7487,0.0,0.0,0.0,270.0665,0.0,0.018353,0.07
2024-02-07,JNJ,BUY,0.9806,1.9e-05,147.798,0.0,0.0,0.0,148.2586,0.0,0.035775,0.07
2024-02-07,LDO.MI,BUY,0.5442,9e-05,16.2754,0.0,0.0,0.0,15.7584,0.0,0.179563,0.07
2024-02-07,ENI.MI,BUY,0.9473,0.000199,12.5141,0.0,0.0,0.0,12.8705,0.0,0.374653,0.06
2024-02-07,RACE.MI,BUY,0.9379,7e-06,350.5243,0.0,0.0,0.0,328.5047,0.0,0.013993,0.06
2024-02-07,^GSPC,BUY,0.2875,0.0,4995.0601,0.0,0.0,0.0,4873.9795,0.0,0.000279,0.06
2024-02-07,FTSEMIB.MI,BUY,0.9876,0.0,30976.0,0.0,0.0,0.0,30729.5039,0.0,0.00015,0.06
2024-02-07,SPY,BUY,0.9018,4e-06,486.0835,0.0,0.0,0.0,474.0752,0.0,0.008535,0.06
2024-02-07,IVV,BUY,0.9399,4e-06,486.1212,0.0,0.0,0.0,474.2,0.0,0.00858,0.06
2024-02-07,EEM,BUY,0.9841,5.6e-05,37.7926,0.0,0.0,0.0,36.7252,0.0,0.111707,0.05
2024-02-07,EFA,BUY,0.9878,2.9e-05,70.3715,0.0,0.0,0.0,70.3962,0.0,0.056241,0.05
2024-02-07,VNQ,BUY,0.9771,2.5e-05,77.3407,0.0,0.0,0.0,78.0051,0.0,0.048262,0.05
2024-02-07,GC=F,BUY,0.9037,1e-06,2035.2,0.0,0.0,0.0,2047.8002,0.0,0.001635,0.05
2024-02-07,SI=F,BUY,0.8955,7.4e-05,22.278,0.0,0.0,0.0,23.0206,0.0,0.13904,0.05
2024-02-07,NG=F,BUY,0.9451,0.000856,1.967,0.0,0.0,0.0,2.0854,0.0,1.563195,0.04
2024-02-07,HG=F,BUY,0.5632,0.000258,3.7375,0.0,0.0,0.0,3.8798,0.0,0.482045,0.04
2024-02-07,GLD,BUY,0.9954,9e-06,188.5,0.0,0.0,0.0,188.9157,0.0,0.017113,0.04
2024-02-07,USO,BUY,0.8965,2.1e-05,69.42,0.0,0.0,0.0,70.031,0.0,0.039955,0.04
2024-02-07,EURUSD=X,BUY,0.6973,0.001008,1.0757,0.0,0.0,0.0,1.0838,0.0,1.937184,0.04
2024-02-07,USDJPY=X,BUY,0.9896,1e-05,147.818,0.0,0.0,0.0,147.1742,0.0,0.019696,0.04
2024-02-07,BND,BUY,0.9291,2e-05,67.1328,0.0,0.0,0.0,67.7505,0.0,0.038616,0.04
2024-02-07,IEF,BUY,0.5511,9e-06,87.9332,0.0,0.0,0.0,89.1358,0.0,0.016776,0.04
2024-02-07,BTC-USD,BUY,0.6655,0.0,44318.2227,0.0,0.0,0.0,42759.7188,0.0,4.1e-05,0.03
2024-02-07,ETH-USD,BUY,0.4132,0.0,2423.7451,0.0,0.0,0.0,2290.2834,0.0,0.000466,0.03
2024-02-07,XOM,BUY,0.9488,1.3e-05,94.7174,0.0,0.0,0.0,95.0707,0.0,0.025382,0.03
2024-02-07,CVX,BUY,0.6955,6e-06,138.035,0.0,0.0,0.0,134.4217,0.0,0.012671,0.03
2024-02-07,WMT,BUY,0.0129,0.0,55.2623,0.0,0.0,0.0,54.3228,0.0,0.000564,0.03
2024-02-07,NFLX,BUY,0.9149,2e-05,55.93,0.0,0.0,0.0,56.4935,0.0,0.038559,0.03
2024-02-07,KO,BUY,0.8723,1.8e-05,56.1577,0.0,0.0,0.0,56.1306,0.0,0.035677,0.03
2024-02-07,WMT,HOLD,0.0129,0.0,55.2623,0.0,0.0,0.0,54.3228,0.0,0.000564,0.03
2024-02-08,MSFT,BUY,0.2784,1e-06,407.0972,0.0,0.0,0.0,393.9247,0.0,0.004335,0.03
2024-02-08,AMZN,BUY,0.8785,6e-06,169.84,0.0,0.0,0.0,158.1239,0.0,0.033697,0.03
2024-02-08,TSLA,BUY,0.5445,3e-06,189.56,0.0,0.0,0.0,187.6993,0.0,0.016984,0.03
2024-02-08,JPM,BUY,0.567,4e-06,167.4597,0.0,0.0,0.0,166.9445,0.0,0.019465,0.03
2024-02-08,V,BUY,0.8847,3e-06,271.7043,0.0,0.0,0.0,270.0669,0.0,0.018356,0.03
2024-02-08,JNJ,BUY,0.9806,7e-06,146.3198,0.0,0.0,0.0,148.2582,0.0,0.035781,0.02
2024-02-08,LDO.MI,BUY,0.5442,3.3e-05,16.0752,0.0,0.0,0.0,15.7585,0.0,0.179596,0.02
2024-02-08,ENI.MI,BUY,0.9473,7.2e-05,12.5107,0.0,0.0,0.0,12.8704,0.0,0.374725,0.02
2024-02-08,RACE.MI,BUY,0.9379,2e-06,350.0313,0.0,0.0,0.0,328.5085,0.0,0.013996,0.02
2024-02-08,^GSPC,BUY,0.2874,0.0,4997.9102,0.0,0.0,0.0,4874.002,0.0,0.000279,0.02
2024-02-08,FTSEMIB.MI,BUY,0.9876,0.0,31064.002,0.0,0.0,0.0,30729.5664,0.0,0.00015,0.02
2024-02-08,SPY,BUY,0.9017,2e-06,486.2982,0.0,0.0,0.0,474.0774,0.0,0.008537,0.02
2024-02-08,IVV,BUY,0.9399,2e-06,486.4418,0.0,0.0,0.0,474.2023,0.0,0.008581,0.02
2024-02-08,EEM,BUY,0.9841,2e-05,37.5828,0.0,0.0,0.0,36.7254,0.0,0.111728,0.02
2024-02-08,EFA,BUY,0.9878,1.1e-05,70.2498,0.0,0.0,0.0,70.3962,0.0,0.056251,0.02
2024-02-08,VNQ,BUY,0.9771,9e-06,77.97,0.0,0.0,0.0,78.0051,0.0,0.048271,0.02
2024-02-08,GC=F,BUY,0.9037,0.0,2032.1998,0.0,0.0,0.0,2047.7971,0.0,0.001636,0.02
2024-02-08,SI=F,BUY,0.8955,2.6e-05,22.565,0.0,0.0,0.0,23.0205,0.0,0.139067,0.02
2024-02-08,NG=F,BUY,0.9451,0.000318,1.917,0.0,0.0,0.0,2.0853,0.0,1.563513,0.02
2024-02-08,HG=F,BUY,0.5633,9.4e-05,3.7055,0.0,0.0,0.0,3.8798,0.0,0.482139,0.02
2024-02-08,GLD,BUY,0.9954,3e-06,188.33,0.0,0.0,0.0,188.9156,0.0,0.017117,0.01
2024-02-08,USO,BUY,0.8965,7e-06,71.52,0.0,0.0,0.0,70.0313,0.0,0.039962,0.01
2024-02-08,EURUSD=X,BUY,0.6973,0.000364,1.0776,0.0,0.0,0.0,1.0838,0.0,1.937548,0.01
2024-02-08,USDJPY=X,BUY,0.9896,4e-06,148.086,0.0,0.0,0.0,147.1744,0.0,0.019699,0.01
2024-02-08,BND,BUY,0.9291,7e-06,66.9572,0.0,0.0,0.0,67.7503,0.0,0.038623,0.01
2024-02-08,IEF,BUY,0.5511,3e-06,87.6462,0.0,0.0,0.0,89.1356,0.0,0.016779,0.01
2024-02-08,BTC-USD,BUY,0.6654,0.0,45301.5664,0.0,0.0,0.0,42760.168,0.0,4.1e-05,0.01
2024-02-08,ETH-USD,BUY,0.4134,0.0,2419.9065,0.0,0.0,0.0,2290.3062,0.0,0.000466,0.01
2024-02-08,XOM,BUY,0.9488,5e-06,96.339,0.0,0.0,0.0,95.071,0.0,0.025387,0.01
2024-02-08,CVX,BUY,0.6955,2e-06,139.7862,0.0,0.0,0.0,134.4227,0.0,0.012673,0.01
2024-02-08,WMT,BUY,0.0129,0.0,55.2591,0.0,0.0,0.0,54.323,0.0,0.000564,0.01
2024-02-08,NFLX,BUY,0.9148,7e-06,55.853,0.0,0.0,0.0,56.4934,0.0,0.038566,0.01
2024-02-08,KO,BUY,0.8723,7e-06,56.0079,0.0,0.0,0.0,56.1306,0.0,0.035684,0.01
2024-02-08,WMT,HOLD,0.0129,0.0,55.2591,0.0,0.0,0.0,54.323,0.0,0.000564,0.01
2024-02-09,MSFT,BUY,0.2784,0.0,413.4281,0.0,0.0,0.0,393.9259,0.0,0.004335,0.01
2024-02-09,AMZN,BUY,0.8785,2e-06,174.45,0.0,0.0,0.0,158.1249,0.0,0.033699,0.01
2024-02-09,TSLA,BUY,0.5446,1e-06,193.57,0.0,0.0,0.0,187.6997,0.0,0.016985,0.01
2024-02-09,WMT,HOLD,0.0129,0.0,55.2297,0.0,0.0,0.0,54.323,0.0,0.000564,0.01
2024-02-10,WMT,HOLD,0.013,0.0,55.2297,0.0,0.0,0.0,54.323,0.0,0.000564,0.01
2024-02-11,WMT,HOLD,0.013,0.0,55.2297,0.0,0.0,0.0,54.323,0.0,0.000564,0.01
2024-02-12,WMT,HOLD,0.013,0.0,55.5625,0.0,0.0,0.0,54.323,0.0,0.000564,0.01
2024-02-13,WMT,HOLD,0.013,0.0,55.184,0.0,0.0,0.0,54.323,0.0,0.000564,0.01
2024-02-14,WMT,HOLD,0.013,0.0,55.0078,0.0,0.0,0.0,54.323,0.0,0.000564,0.01
2024-02-15,WMT,HOLD,0.013,0.0,55.2329,0.0,0.0,0.0,54.323,0.0,0.000564,0.01
2024-02-16,WMT,HOLD,0.013,0.0,55.582,0.0,0.0,0.0,54.323,0.0,0.000564,0.01
2024-02-17,WMT,HOLD,0.013,0.0,55.582,0.0,0.0,0.0,54.323,0.0,0.000564,0.01
2024-02-18,WMT,HOLD,0.013,0.0,55.582,0.0,0.0,0.0,54.323,0.0,0.000564,0.01
2024-02-19,WMT,HOLD,0.013,0.0,55.582,0.0,0.0,0.0,54.323,0.0,0.000564,0.01
2024-02-20,WMT,HOLD,0.0131,0.0,57.3765,0.0,0.0,0.0,54.323,0.0,0.000564,0.01
2024-02-21,WMT,HOLD,0.013,0.0,56.6718,0.0,0.0,0.0,54.323,0.0,0.000564,0.01
2024-02-22,WMT,HOLD,0.013,0.0,57.2297,0.0,0.0,0.0,54.323,0.0,0.000564,0.01
2024-02-23,WMT,HOLD,0.013,0.0,57.2786,0.0,0.0,0.0,54.323,0.0,0.000564,0.01
2024-02-24,WMT,HOLD,0.013,0.0,57.2786,0.0,0.0,0.0,54.323,0.0,0.000564,0.01
2024-02-25,WMT,HOLD,0.013,0.0,57.2786,0.0,0.0,0.0,54.323,0.0,0.000564,0.01
2024-02-26,WMT,HOLD,0.0131,0.0,58.3357,0.0,0.0,0.0,54.323,0.0,0.000564,0.01
2024-02-27,WMT,HOLD,0.0131,0.0,58.3259,0.0,0.0,0.0,54.323,0.0,0.000564,0.01
2024-02-28,WMT,HOLD,0.0132,0.0,58.3553,0.0,0.0,0.0,54.323,0.0,0.000564,0.01
2024-02-29,WMT,HOLD,0.0132,0.0,57.3667,0.0,0.0,0.0,54.323,0.0,0.000564,0.01
2024-03-01,WMT,HOLD,0.0132,0.0,57.5135,0.0,0.0,0.0,54.323,0.0,0.000564,0.01
2024-03-02,WMT,HOLD,0.0132,0.0,57.5135,0.0,0.0,0.0,54.323,0.0,0.000564,0.01
2024-03-03,WMT,HOLD,0.0132,0.0,57.5135,0.0,0.0,0.0,54.323,0.0,0.000564,0.01
2024-03-04,WMT,HOLD,0.0132,0.0,58.0421,0.0,0.0,0.0,54.323,0.0,0.000564,0.01
2024-03-05,WMT,HOLD,0.0132,0.0,58.7664,0.0,0.0,0.0,54.323,0.0,0.000564,0.01
2024-03-06,WMT,HOLD,0.0132,0.0,59.2851,0.0,0.0,0.0,54.323,0.0,0.000564,0.01
2024-03-07,WMT,HOLD,0.0133,0.0,59.0796,0.0,0.0,0.0,54.323,0.0,0.000564,0.01
2024-03-08,WMT,HOLD,0.0133,0.0,58.8447,0.0,0.0,0.0,54.323,0.0,0.000564,0.01
2024-03-09,WMT,HOLD,0.0133,0.0,58.8447,0.0,0.0,0.0,54.323,0.0,0.000564,0.01
2024-03-10,WMT,HOLD,0.0133,0.0,58.8447,0.0,0.0,0.0,54.323,0.0,0.000564,0.01
2024-03-11,WMT,HOLD,0.0133,0.0,59.3732,0.0,0.0,0.0,54.323,0.0,0.000564,0.01
2024-03-12,WMT,HOLD,0.0133,0.0,60.1073,0.0,0.0,0.0,54.323,0.0,0.000564,0.01
2024-03-13,WMT,HOLD,0.0133,0.0,59.9801,0.0,0.0,0.0,54.323,0.0,0.000564,0.01
2024-03-14,WMT,HOLD,0.0133,0.0,59.929,0.0,0.0,0.0,54.323,0.0,0.000564,0.01
2024-03-15,WMT,HOLD,0.0133,0.0,59.5951,0.0,0.0,0.0,54.323,0.0,0.000564,0.01
2024-03-16,WMT,HOLD,0.0132,0.0,59.5951,0.0,0.0,0.0,54.323,0.0,0.000564,0.01
2024-03-17,WMT,HOLD,0.0133,0.0,59.5951,0.0,0.0,0.0,54.323,0.0,0.000564,0.01
2024-03-18,WMT,HOLD,0.0133,0.0,59.7719,0.0,0.0,0.0,54.323,0.0,0.000564,0.01
2024-03-19,WMT,HOLD,0.0132,0.0,59.7817,0.0,0.0,0.0,54.323,0.0,0.000564,0.01
2024-03-20,WMT,HOLD,0.0132,0.0,60.1549,0.0,0.0,0.0,54.323,0.0,0.000564,0.01
2024-03-21,WMT,HOLD,0.0132,0.0,60.3513,0.0,0.0,0.0,54.323,0.0,0.000564,0.01
2024-03-22,WMT,HOLD,0.0132,0.0,59.7817,0.0,0.0,0.0,54.323,0.0,0.000564,0.01
2024-03-23,WMT,HOLD,0.0132,0.0,59.7817,0.0,0.0,0.0,54.323,0.0,0.000564,0.01
2024-03-24,WMT,HOLD,0.0132,0.0,59.7817,0.0,0.0,0.0,54.323,0.0,0.000564,0.01
2024-03-25,WMT,HOLD,0.0133,0.0,59.487,0.0,0.0,0.0,54.323,0.0,0.000564,0.01
2024-03-26,WMT,HOLD,0.0133,0.0,59.4281,0.0,0.0,0.0,54.323,0.0,0.000564,0.01
2024-03-27,WMT,HOLD,0.0133,0.0,59.6344,0.0,0.0,0.0,54.323,0.0,0.000564,0.01
2024-03-28,WMT,HOLD,0.0133,0.0,59.0942,0.0,0.0,0.0,54.323,0.0,0.000564,0.01
2024-03-29,WMT,HOLD,0.0133,0.0,59.0942,0.0,0.0,0.0,54.323,0.0,0.000564,0.01
2024-03-30,WMT,HOLD,0.0133,0.0,59.0942,0.0,0.0,0.0,54.323,0.0,0.000564,0.01
2024-03-31,WMT,HOLD,0.0133,0.0,59.0942,0.0,0.0,0.0,54.323,0.0,0.000564,0.01
2024-04-01,WMT,HOLD,0.0133,0.0,58.9272,0.0,0.0,0.0,54.323,0.0,0.000564,0.01
2024-04-02,WMT,HOLD,0.0132,0.0,58.1022,0.0,0.0,0.0,54.323,0.0,0.000564,0.01
2024-04-03,WMT,HOLD,0.0132,0.0,58.3674,0.0,0.0,0.0,54.323,0.0,0.000564,0.01
2024-04-04,WMT,HOLD,0.0132,0.0,58.4362,0.0,0.0,0.0,54.323,0.0,0.000564,0.01
2024-04-05,WMT,HOLD,0.0132,0.0,58.7799,0.0,0.0,0.0,54.323,0.0,0.000564,0.01
2024-04-06,WMT,HOLD,0.0133,0.0,58.7799,0.0,0.0,0.0,54.323,0.0,0.000564,0.01
2024-04-07,WMT,HOLD,0.0133,0.0,58.7799,0.0,0.0,0.0,54.323,0.0,0.000564,0.01
2024-04-08,WMT,HOLD,0.0133,0.0,58.7112,0.0,0.0,0.0,54.323,0.0,0.000564,0.01
2024-04-09,WMT,HOLD,0.0133,0.0,58.721,0.0,0.0,0.0,54.323,0.0,0.000564,0.01
2024-04-10,WMT,HOLD,0.0133,0.0,59.5361,0.0,0.0,0.0,54.323,0.0,0.000564,0.01
2024-04-11,WMT,HOLD,0.0133,0.0,59.0156,0.0,0.0,0.0,54.323,0.0,0.000564,0.01
2024-04-12,WMT,HOLD,0.0133,0.0,59.0647,0.0,0.0,0.0,54.323,0.0,0.000564,0.01
2024-04-13,WMT,HOLD,0.0132,0.0,59.0647,0.0,0.0,0.0,54.323,0.0,0.000564,0.01
2024-04-14,WMT,HOLD,0.0132,0.0,59.0647,0.0,0.0,0.0,54.323,0.0,0.000564,0.01
2024-04-15,WMT,HOLD,0.0132,0.0,58.8585,0.0,0.0,0.0,54.323,0.0,0.000564,0.01
2024-04-16,WMT,HOLD,0.0132,0.0,58.7701,0.0,0.0,0.0,54.323,0.0,0.000564,0.01
2024-04-17,WMT,HOLD,0.0132,0.0,58.5835,0.0,0.0,0.0,54.323,0.0,0.000564,0.01
2024-04-18,WMT,HOLD,0.0132,0.0,58.2005,0.0,0.0,0.0,54.323,0.0,0.000564,0.01
2024-04-19,WMT,HOLD,0.0132,0.0,58.4656,0.0,0.0,0.0,54.323,0.0,0.000564,0.01
2024-04-20,WMT,HOLD,0.0132,0.0,58.4656,0.0,0.0,0.0,54.323,0.0,0.000564,0.01
2024-04-21,WMT,HOLD,0.0132,0.0,58.4656,0.0,0.0,0.0,54.323,0.0,0.000564,0.01
2024-04-22,WMT,HOLD,0.0132,0.0,59.0647,0.0,0.0,0.0,54.323,0.0,0.000564,0.01
2024-04-23,WMT,HOLD,0.0132,0.0,58.0335,0.0,0.0,0.0,54.323,0.0,0.000564,0.01
2024-04-24,WMT,HOLD,0.0132,0.0,58.7996,0.0,0.0,0.0,54.323,0.0,0.000564,0.01
2024-04-25,WMT,HOLD,0.0132,0.0,59.1335,0.0,0.0,0.0,54.323,0.0,0.000564,0.01
2024-04-26,WMT,HOLD,0.0132,0.0,59.0844,0.0,0.0,0.0,54.323,0.0,0.000564,0.01
2024-04-27,WMT,HOLD,0.0132,0.0,59.0844,0.0,0.0,0.0,54.323,0.0,0.000564,0.01
2024-04-28,WMT,HOLD,0.0132,0.0,59.0844,0.0,0.0,0.0,54.323,0.0,0.000564,0.01
2024-04-29,WMT,HOLD,0.0132,0.0,59.1629,0.0,0.0,0.0,54.323,0.0,0.000564,0.01
2024-04-30,WMT,HOLD,0.0132,0.0,58.2888,0.0,0.0,0.0,54.323,0.0,0.000564,0.01
2024-05-01,WMT,HOLD,0.0131,0.0,57.7978,0.0,0.0,0.0,54.323,0.0,0.000564,0.01
2024-05-02,WMT,HOLD,0.0132,0.0,58.6424,0.0,0.0,0.0,54.323,0.0,0.000564,0.01
2024-05-03,WMT,HOLD,0.0132,0.0,58.7504,0.0,0.0,0.0,54.323,0.0,0.000564,0.01
2024-05-04,WMT,HOLD,0.0132,0.0,58.7504,0.0,0.0,0.0,54.323,0.0,0.000564,0.01
2024-05-05,WMT,HOLD,0.0132,0.0,58.7504,0.0,0.0,0.0,54.323,0.0,0.000564,0.01
2024-05-06,WMT,HOLD,0.0132,0.0,58.7996,0.0,0.0,0.0,54.323,0.0,0.000564,0.01
2024-05-07,WMT,HOLD,0.0132,0.0,59.5361,0.0,0.0,0.0,54.323,0.0,0.000564,0.01
2024-05-08,WMT,HOLD,0.0132,0.0,59.2219,0.0,0.0,0.0,54.323,0.0,0.000564,0.01
2024-05-09,WMT,HOLD,0.0132,0.0,59.5648,0.0,0.0,0.0,54.323,0.0,0.000564,0.01
2024-05-10,WMT,HOLD,0.0131,0.0,59.6042,0.0,0.0,0.0,54.323,0.0,0.000564,0.01
2024-05-11,WMT,HOLD,0.0131,0.0,59.6042,0.0,0.0,0.0,54.323,0.0,0.000564,0.01
2024-05-12,WMT,HOLD,0.0131,0.0,59.6042,0.0,0.0,0.0,54.323,0.0,0.000564,0.01
2024-05-13,WMT,HOLD,0.0132,0.0,59.5353,0.0,0.0,0.0,54.323,0.0,0.000564,0.01
2024-05-14,WMT,HOLD,0.0131,0.0,58.9932,0.0,0.0,0.0,54.323,0.0,0.000564,0.01
2024-05-15,WMT,HOLD,0.0132,0.0,58.9637,0.0,0.0,0.0,54.323,0.0,0.000564,0.01
2024-05-16,WMT,HOLD,0.0132,0.0,63.0831,0.0,0.0,0.0,54.323,0.0,0.000564,0.01
2024-05-17,WMT,HOLD,0.0132,0.0,63.7139,0.0,0.0,0.0,54.323,0.0,0.000564,0.01
2024-05-18,WMT,HOLD,0.0132,0.0,63.7139,0.0,0.0,0.0,54.323,0.0,0.000564,0.01
2024-05-19,WMT,HOLD,0.0132,0.0,63.7139,0.0,0.0,0.0,54.323,0.0,0.000564,0.01
2024-05-20,WMT,HOLD,0.0133,0.0,63.2507,0.0,0.0,0.0,54.323,0.0,0.000564,0.01
2024-05-21,WMT,HOLD,0.0133,0.0,64.2066,0.0,0.0,0.0,54.323,0.0,0.000564,0.01
2024-05-22,WMT,HOLD,0.0133,0.0,64.3052,0.0,0.0,0.0,54.323,0.0,0.000564,0.01
2024-05-23,WMT,HOLD,0.0133,0.0,63.9011,0.0,0.0,0.0,54.323,0.0,0.000564,0.01
2024-05-24,WMT,HOLD,0.0133,0.0,64.4333,0.0,0.0,0.0,54.323,0.0,0.000564,0.01
2024-05-25,WMT,HOLD,0.0133,0.0,64.4333,0.0,0.0,0.0,54.323,0.0,0.000564,0.01
2024-05-26,WMT,HOLD,0.0133,0.0,64.4333,0.0,0.0,0.0,54.323,0.0,0.000564,0.01
2024-05-27,WMT,HOLD,0.0133,0.0,64.4333,0.0,0.0,0.0,54.323,0.0,0.000564,0.01
2024-05-28,WMT,HOLD,0.0133,0.0,64.0982,0.0,0.0,0.0,54.323,0.0,0.000564,0.01
2024-05-29,WMT,HOLD,0.0133,0.0,63.9799,0.0,0.0,0.0,54.323,0.0,0.000564,0.01
2024-05-30,WMT,HOLD,0.0133,0.0,63.9504,0.0,0.0,0.0,54.323,0.0,0.000564,0.01
2024-05-31,WMT,HOLD,0.0133,0.0,64.8078,0.0,0.0,0.0,54.323,0.0,0.000564,0.01
2024-06-01,WMT,HOLD,0.0133,0.0,64.8078,0.0,0.0,0.0,54.323,0.0,0.000564,0.01
2024-06-02,WMT,HOLD,0.0133,0.0,64.8078,0.0,0.0,0.0,54.323,0.0,0.000564,0.01
2024-06-03,WMT,HOLD,0.0133,0.0,64.8669,0.0,0.0,0.0,54.323,0.0,0.000564,0.01
2024-06-04,WMT,HOLD,0.0133,0.0,65.6356,0.0,0.0,0.0,54.323,0.0,0.000564,0.01
2024-06-05,WMT,HOLD,0.0133,0.0,66.1185,0.0,0.0,0.0,54.323,0.0,0.000564,0.01
2024-06-06,WMT,HOLD,0.0133,0.0,66.1777,0.0,0.0,0.0,54.323,0.0,0.000564,0.01
2024-06-07,WMT,HOLD,0.0133,0.0,64.9261,0.0,0.0,0.0,54.323,0.0,0.000564,0.01
2024-06-08,WMT,HOLD,0.0133,0.0,64.9261,0.0,0.0,0.0,54.323,0.0,0.000564,0.01
2024-06-09,WMT,HOLD,0.0133,0.0,64.9261,0.0,0.0,0.0,54.323,0.0,0.000564,0.01
2024-06-10,WMT,HOLD,0.0133,0.0,65.9904,0.0,0.0,0.0,54.323,0.0,0.000564,0.01
2024-06-11,WMT,HOLD,0.0132,0.0,65.7637,0.0,0.0,0.0,54.323,0.0,0.000564,0.01
2024-06-12,WMT,HOLD,0.0132,0.0,65.3498,0.0,0.0,0.0,54.323,0.0,0.000564,0.01
2024-06-13,WMT,HOLD,0.0132,0.0,65.7342,0.0,0.0,0.0,54.323,0.0,0.000564,0.01
2024-06-14,WMT,HOLD,0.0133,0.0,66.0496,0.0,0.0,0.0,54.323,0.0,0.000564,0.01
2024-06-15,WMT,HOLD,0.0133,0.0,66.0496,0.0,0.0,0.0,54.323,0.0,0.000564,0.01
2024-06-16,WMT,HOLD,0.0133,0.0,66.0496,0.0,0.0,0.0,54.323,0.0,0.000564,0.01
2024-06-17,WMT,HOLD,0.0133,0.0,66.4438,0.0,0.0,0.0,54.323,0.0,0.000564,0.01
2024-06-18,WMT,HOLD,0.0132,0.0,66.6211,0.0,0.0,0.0,54.323,0.0,0.000564,0.01
2024-06-19,WMT,HOLD,0.0132,0.0,66.6211,0.0,0.0,0.0,54.323,0.0,0.000564,0.01
2024-06-20,WMT,HOLD,0.0132,0.0,67.0252,0.0,0.0,0.0,54.323,0.0,0.000564,0.01
2024-06-21,WMT,HOLD,0.0132,0.0,66.9267,0.0,0.0,0.0,54.323,0.0,0.000564,0.01
2024-06-22,WMT,HOLD,0.0132,0.0,66.9267,0.0,0.0,0.0,54.323,0.0,0.000564,0.01
2024-06-23,WMT,HOLD,0.0132,0.0,66.9267,0.0,0.0,0.0,54.323,0.0,0.000564,0.01
2024-06-24,WMT,HOLD,0.0132,0.0,67.9023,0.0,0.0,0.0,54.323,0.0,0.000564,0.01
2024-06-25,WMT,HOLD,0.0132,0.0,66.4438,0.0,0.0,0.0,54.323,0.0,0.000564,0.01
2024-06-26,WMT,HOLD,0.0132,0.0,67.3012,0.0,0.0,0.0,54.323,0.0,0.000564,0.01
2024-06-27,WMT,HOLD,0.0132,0.0,66.8971,0.0,0.0,0.0,54.323,0.0,0.000564,0.01
2024-06-28,WMT,HOLD,0.0132,0.0,66.7296,0.0,0.0,0.0,54.323,0.0,0.000564,0.01
2024-06-29,WMT,HOLD,0.0132,0.0,66.7296,0.0,0.0,0.0,54.323,0.0,0.000564,0.01
2024-06-30,WMT,HOLD,0.0132,0.0,66.7296,0.0,0.0,0.0,54.323,0.0,0.000564,0.01
2024-07-01,WMT,HOLD,0.0132,0.0,66.5029,0.0,0.0,0.0,54.323,0.0,0.000564,0.01
2024-07-02,WMT,HOLD,0.0132,0.0,67.0844,0.0,0.0,0.0,54.323,0.0,0.000564,0.01
2024-07-03,WMT,HOLD,0.0132,0.0,67.2519,0.0,0.0,0.0,54.323,0.0,0.000564,0.01
2024-07-04,WMT,HOLD,0.0131,0.0,67.2519,0.0,0.0,0.0,54.323,0.0,0.000564,0.01
2024-07-05,WMT,HOLD,0.0131,0.0,69.0258,0.0,0.0,0.0,54.323,0.0,0.000564,0.01
2024-07-06,WMT,HOLD,0.0131,0.0,69.0258,0.0,0.0,0.0,54.323,0.0,0.000564,0.01
2024-07-07,WMT,HOLD,0.0131,0.0,69.0258,0.0,0.0,0.0,54.323,0.0,0.000564,0.01
2024-07-08,WMT,HOLD,0.0131,0.0,68.671,0.0,0.0,0.0,54.323,0.0,0.000564,0.01
2024-07-09,WMT,HOLD,0.0131,0.0,68.8879,0.0,0.0,0.0,54.323,0.0,0.000564,0.01
2024-07-10,WMT,HOLD,0.0131,0.0,69.3905,0.0,0.0,0.0,54.323,0.0,0.000564,0.01
2024-07-11,WMT,HOLD,0.0131,0.0,68.7893,0.0,0.0,0.0,54.323,0.0,0.000564,0.01
2024-07-12,WMT,HOLD,0.0131,0.0,68.2374,0.0,0.0,0.0,54.323,0.0,0.000564,0.01
2024-07-13,WMT,HOLD,0.0132,0.0,68.2374,0.0,0.0,0.0,54.323,0.0,0.000564,0.01
2024-07-14,WMT,HOLD,0.0132,0.0,68.2374,0.0,0.0,0.0,54.323,0.0,0.000564,0.01
2024-07-15,WMT,HOLD,0.0132,0.0,68.602,0.0,0.0,0.0,54.323,0.0,0.000564,0.01
2024-07-16,WMT,HOLD,0.0132,0.0,68.9765,0.0,0.0,0.0,54.323,0.0,0.000564,0.01
2024-07-17,WMT,HOLD,0.0132,0.0,70.0015,0.0,0.0,0.0,54.323,0.0,0.000564,0.01
2024-07-18,WMT,HOLD,0.0132,0.0,69.7945,0.0,0.0,0.0,54.323,0.0,0.000564,0.01
2024-07-19,WMT,HOLD,0.0133,0.0,69.7255,0.0,0.0,0.0,54.323,0.0,0.000564,0.01
2024-07-20,WMT,HOLD,0.0133,0.0,69.7255,0.0,0.0,0.0,54.323,0.0,0.000564,0.01
2024-07-21,WMT,HOLD,0.0133,0.0,69.7255,0.0,0.0,0.0,54.323,0.0,0.000564,0.01
2024-07-22,WMT,HOLD,0.0133,0.0,69.3609,0.0,0.0,0.0,54.323,0.0,0.000564,0.01
2024-07-23,WMT,HOLD,0.0132,0.0,69.627,0.0,0.0,0.0,54.323,0.0,0.000564,0.01
2024-07-24,WMT,HOLD,0.0132,0.0,69.5777,0.0,0.0,0.0,54.323,0.0,0.000564,0.01
2024-07-25,WMT,HOLD,0.0133,0.0,69.0061,0.0,0.0,0.0,54.323,0.0,0.000564,0.01
2024-07-26,WMT,HOLD,0.0133,0.0,68.7696,0.0,0.0,0.0,54.323,0.0,0.000564,0.01
2024-07-27,WMT,HOLD,0.0133,0.0,68.7696,0.0,0.0,0.0,54.323,0.0,0.000564,0.01
2024-07-28,WMT,HOLD,0.0133,0.0,68.7696,0.0,0.0,0.0,54.323,0.0,0.000564,0.01
2024-07-29,WMT,HOLD,0.0133,0.0,68.6119,0.0,0.0,0.0,54.323,0.0,0.000564,0.01
2024-07-30,WMT,HOLD,0.0132,0.0,68.1881,0.0,0.0,0.0,54.323,0.0,0.000564,0.01
2024-07-31,WMT,HOLD,0.0132,0.0,67.6461,0.0,0.0,0.0,54.323,0.0,0.000564,0.01
2024-08-01,WMT,HOLD,0.0132,0.0,68.7794,0.0,0.0,0.0,54.323,0.0,0.000564,0.01
2024-08-02,WMT,HOLD,0.0132,0.0,67.4687,0.0,0.0,0.0,54.323,0.0,0.000564,0.01
2024-08-03,WMT,HOLD,0.0132,0.0,67.4687,0.0,0.0,0.0,54.323,0.0,0.000564,0.01
2024-08-04,WMT,HOLD,0.0132,0.0,67.4687,0.0,0.0,0.0,54.323,0.0,0.000564,0.01
2024-08-05,WMT,HOLD,0.0131,0.0,66.6113,0.0,0.0,0.0,54.323,0.0,0.000564,0.01
2024-08-06,WMT,HOLD,0.0131,0.0,66.7591,0.0,0.0,0.0,54.323,0.0,0.000564,0.01
2024-08-07,WMT,HOLD,0.0131,0.0,65.9412,0.0,0.0,0.0,54.323,0.0,0.000564,0.01
2024-08-08,WMT,HOLD,0.0132,0.0,66.6803,0.0,0.0,0.0,54.323,0.0,0.000564,0.01
2024-08-09,WMT,HOLD,0.0131,0.0,66.9661,0.0,0.0,0.0,54.323,0.0,0.000564,0.01
2024-08-10,WMT,HOLD,0.0131,0.0,66.9661,0.0,0.0,0.0,54.323,0.0,0.000564,0.01
2024-08-11,WMT,HOLD,0.0131,0.0,66.9661,0.0,0.0,0.0,54.323,0.0,0.000564,0.01
2024-08-12,WMT,HOLD,0.0131,0.0,67.7052,0.0,0.0,0.0,54.323,0.0,0.000564,0.01
2024-08-13,WMT,HOLD,0.0131,0.0,67.1435,0.0,0.0,0.0,54.323,0.0,0.000564,0.01
2024-08-14,WMT,HOLD,0.0131,0.0,67.6658,0.0,0.0,0.0,54.323,0.0,0.000564,0.01
2024-08-15,WMT,HOLD,0.0131,0.0,72.1204,0.0,0.0,0.0,54.323,0.0,0.000564,0.01
2024-08-16,WMT,HOLD,0.0131,0.0,72.5928,0.0,0.0,0.0,54.323,0.0,0.000564,0.01
2024-08-17,WMT,HOLD,0.0131,0.0,72.5928,0.0,0.0,0.0,54.323,0.0,0.000564,0.01
2024-08-18,WMT,HOLD,0.0131,0.0,72.5928,0.0,0.0,0.0,54.323,0.0,0.000564,0.01
2024-08-19,WMT,HOLD,0.0131,0.0,72.8596,0.0,0.0,0.0,54.323,0.0,0.000564,0.01
2024-08-20,WMT,HOLD,0.0131,0.0,73.6701,0.0,0.0,0.0,54.323,0.0,0.000564,0.01
2024-08-21,WMT,HOLD,0.0131,0.0,74.3619,0.0,0.0,0.0,54.323,0.0,0.000564,0.01
2024-08-22,WMT,HOLD,0.0131,0.0,74.6979,0.0,0.0,0.0,54.323,0.0,0.000564,0.01
2024-08-23,WMT,HOLD,0.0131,0.0,74.8165,0.0,0.0,0.0,54.323,0.0,0.000564,0.01
2024-08-24,WMT,HOLD,0.0131,0.0,74.8165,0.0,0.0,0.0,54.323,0.0,0.000564,0.01
2024-08-25,WMT,HOLD,0.0131,0.0,74.8165,0.0,0.0,0.0,54.323,0.0,0.000564,0.01
2024-08-26,WMT,HOLD,0.0131,0.0,75.1427,0.0,0.0,0.0,54.323,0.0,0.000564,0.01
2024-08-27,WMT,HOLD,0.0131,0.0,75.2415,0.0,0.0,0.0,54.323,0.0,0.000564,0.01
2024-08-28,WMT,HOLD,0.0131,0.0,75.1921,0.0,0.0,0.0,54.323,0.0,0.000564,0.01
2024-08-29,WMT,HOLD,0.0131,0.0,75.5281,0.0,0.0,0.0,54.323,0.0,0.000564,0.01
2024-08-30,WMT,HOLD,0.0131,0.0,76.3286,0.0,0.0,0.0,54.323,0.0,0.000564,0.01
2024-08-31,WMT,HOLD,0.0131,0.0,76.3286,0.0,0.0,0.0,54.323,0.0,0.000564,0.01
2024-09-01,WMT,HOLD,0.013,0.0,76.3286,0.0,0.0,0.0,54.323,0.0,0.000564,0.01
2024-09-02,WMT,HOLD,0.0131,0.0,76.3286,0.0,0.0,0.0,54.323,0.0,0.000564,0.01
2024-09-03,WMT,HOLD,0.0131,0.0,76.2693,0.0,0.0,0.0,54.323,0.0,0.000564,0.01
2024-09-04,WMT,HOLD,0.0131,0.0,76.3385,0.0,0.0,0.0,54.323,0.0,0.000564,0.01
2024-09-05,WMT,HOLD,0.013,0.0,76.0618,0.0,0.0,0.0,54.323,0.0,0.000564,0.01
2024-09-06,WMT,HOLD,0.013,0.0,75.7455,0.0,0.0,0.0,54.323,0.0,0.000564,0.01
2024-09-07,WMT,HOLD,0.013,0.0,75.7455,0.0,0.0,0.0,54.323,0.0,0.000564,0.01
2024-09-08,WMT,HOLD,0.013,0.0,75.7455,0.0,0.0,0.0,54.323,0.0,0.000564,0.01
2024-09-09,WMT,HOLD,0.013,0.0,76.4374,0.0,0.0,0.0,54.323,0.0,0.000564,0.01
2024-09-10,WMT,HOLD,0.0131,0.0,77.8902,0.0,0.0,0.0,54.323,0.0,0.000564,0.01
2024-09-11,WMT,HOLD,0.013,0.0,77.9199,0.0,0.0,0.0,54.323,0.0,0.000564,0.01
2024-09-12,WMT,HOLD,0.013,0.0,78.7303,0.0,0.0,0.0,54.323,0.0,0.000564,0.01
2024-09-13,WMT,HOLD,0.0131,0.0,79.6593,0.0,0.0,0.0,54.323,0.0,0.000564,0.01
2024-09-14,WMT,HOLD,0.0131,0.0,79.6593,0.0,0.0,0.0,54.323,0.0,0.000564,0.01
2024-09-15,WMT,HOLD,0.013,0.0,79.6593,0.0,0.0,0.0,54.323,0.0,0.000564,0.01
2024-09-16,WMT,HOLD,0.013,0.0,79.6198,0.0,0.0,0.0,54.323,0.0,0.000564,0.01
2024-09-17,WMT,HOLD,0.0131,0.0,77.6827,0.0,0.0,0.0,54.323,0.0,0.000564,0.01
2024-09-18,WMT,HOLD,0.0131,0.0,78.1077,0.0,0.0,0.0,54.323,0.0,0.000564,0.01
2024-09-19,WMT,HOLD,0.0131,0.0,77.1292,0.0,0.0,0.0,54.323,0.0,0.000564,0.01
2024-09-20,WMT,HOLD,0.0131,0.0,78.1373,0.0,0.0,0.0,54.323,0.0,0.000564,0.01
2024-09-21,WMT,HOLD,0.0131,0.0,78.1373,0.0,0.0,0.0,54.323,0.0,0.000564,0.01
2024-09-22,WMT,HOLD,0.0131,0.0,78.1373,0.0,0.0,0.0,54.323,0.0,0.000564,0.01
2024-09-23,WMT,HOLD,0.0131,0.0,79.3925,0.0,0.0,0.0,54.323,0.0,0.000564,0.01
2024-09-24,WMT,HOLD,0.0131,0.0,79.7285,0.0,0.0,0.0,54.323,0.0,0.000564,0.01
2024-09-25,WMT,HOLD,0.0131,0.0,80.45,0.0,0.0,0.0,54.323,0.0,0.000564,0.01
2024-09-26,WMT,HOLD,0.0131,0.0,78.9873,0.0,0.0,0.0,54.323,0.0,0.000564,0.01
2024-09-27,WMT,HOLD,0.0132,0.0,78.8489,0.0,0.0,0.0,54.323,0.0,0.000564,0.01
2024-09-28,WMT,HOLD,0.0132,0.0,78.8489,0.0,0.0,0.0,54.323,0.0,0.000564,0.01
2024-09-29,WMT,HOLD,0.0132,0.0,78.8489,0.0,0.0,0.0,54.323,0.0,0.000564,0.01
2024-09-30,WMT,HOLD,0.0132,0.0,79.8076,0.0,0.0,0.0,54.323,0.0,0.000564,0.01
2024-10-01,WMT,HOLD,0.0131,0.0,80.3215,0.0,0.0,0.0,54.323,0.0,0.000564,0.01
2024-10-02,WMT,HOLD,0.0131,0.0,79.4913,0.0,0.0,0.0,54.323,0.0,0.000564,0.01
2024-10-03,WMT,HOLD,0.0131,0.0,79.4913,0.0,0.0,0.0,54.323,0.0,0.000564,0.01
2024-10-04,WMT,HOLD,0.0131,0.0,79.9954,0.0,0.0,0.0,54.323,0.0,0.000564,0.01
2024-10-05,WMT,HOLD,0.0132,0.0,79.9954,0.0,0.0,0.0,54.323,0.0,0.000564,0.01
2024-10-06,WMT,HOLD,0.0132,0.0,79.9954,0.0,0.0,0.0,54.323,0.0,0.000564,0.01
2024-10-07,WMT,HOLD,0.0132,0.0,78.1768,0.0,0.0,0.0,54.323,0.0,0.000564,0.01
2024-10-08,WMT,HOLD,0.0132,0.0,78.7797,0.0,0.0,0.0,54.323,0.0,0.000564,0.01
2024-10-09,WMT,HOLD,0.0131,0.0,79.4617,0.0,0.0,0.0,54.323,0.0,0.000564,0.01
2024-10-10,WMT,HOLD,0.0131,0.0,78.6809,0.0,0.0,0.0,54.323,0.0,0.000564,0.01
2024-10-11,WMT,HOLD,0.0132,0.0,79.1652,0.0,0.0,0.0,54.323,0.0,0.000564,0.01
2024-10-12,WMT,HOLD,0.0132,0.0,79.1652,0.0,0.0,0.0,54.323,0.0,0.000564,0.01
2024-10-13,WMT,HOLD,0.0132,0.0,79.1652,0.0,0.0,0.0,54.323,0.0,0.000564,0.01
2024-10-14,WMT,HOLD,0.0132,0.0,79.3529,0.0,0.0,0.0,54.323,0.0,0.000564,0.01
2024-10-15,WMT,HOLD,0.0132,0.0,80.6971,0.0,0.0,0.0,54.323,0.0,0.000564,0.01
2024-10-16,WMT,HOLD,0.0132,0.0,80.2721,0.0,0.0,0.0,54.323,0.0,0.000564,0.01
2024-10-17,WMT,HOLD,0.0132,0.0,79.9459,0.0,0.0,0.0,54.323,0.0,0.000564,0.01
2024-10-18,WMT,HOLD,0.0132,0.0,80.361,0.0,0.0,0.0,54.323,0.0,0.000564,0.01
2024-10-19,WMT,HOLD,0.0132,0.0,80.361,0.0,0.0,0.0,54.323,0.0,0.000564,0.01
2024-10-20,WMT,HOLD,0.0132,0.0,80.361,0.0,0.0,0.0,54.323,0.0,0.000564,0.01
2024-10-21,WMT,HOLD,0.0132,0.0,79.8669,0.0,0.0,0.0,54.323,0.0,0.000564,0.01
2024-10-22,WMT,HOLD,0.0132,0.0,81.0627,0.0,0.0,0.0,54.323,0.0,0.000564,0.01
2024-10-23,WMT,HOLD,0.0132,0.0,82.2982,0.0,0.0,0.0,54.323,0.0,0.000564,0.01
2024-10-24,WMT,HOLD,0.0132,0.0,82.0708,0.0,0.0,0.0,54.323,0.0,0.000564,0.01
2024-10-25,WMT,HOLD,0.0132,0.0,81.547,0.0,0.0,0.0,54.323,0.0,0.000564,0.01
2024-10-26,WMT,HOLD,0.0132,0.0,81.547,0.0,0.0,0.0,54.323,0.0,0.000564,0.01
2024-10-27,WMT,HOLD,0.0132,0.0,81.547,0.0,0.0,0.0,54.323,0.0,0.000564,0.01
2024-10-28,WMT,HOLD,0.0132,0.0,81.7842,0.0,0.0,0.0,54.323,0.0,0.000564,0.01
2024-10-29,WMT,HOLD,0.0132,0.0,80.7465,0.0,0.0,0.0,54.323,0.0,0.000564,0.01
2024-10-30,WMT,HOLD,0.0133,0.0,80.4401,0.0,0.0,0.0,54.323,0.0,0.000564,0.01
2024-10-31,WMT,HOLD,0.0132,0.0,80.9936,0.0,0.0,0.0,54.323,0.0,0.000564,0.01
2024-11-01,WMT,HOLD,0.0132,0.0,81.2308,0.0,0.0,0.0,54.323,0.0,0.000564,0.01
2024-11-02,WMT,HOLD,0.0132,0.0,81.2308,0.0,0.0,0.0,54.323,0.0,0.000564,0.01
2024-11-03,WMT,HOLD,0.0132,0.0,81.2308,0.0,0.0,0.0,54.323,0.0,0.000564,0.01
2024-11-04,WMT,HOLD,0.0132,0.0,81.4877,0.0,0.0,0.0,54.323,0.0,0.000564,0.01
2024-11-05,WMT,HOLD,0.0132,0.0,82.7034,0.0,0.0,0.0,54.323,0.0,0.000564,0.01
2024-11-06,WMT,HOLD,0.0133,0.0,82.4662,0.0,0.0,0.0,54.323,0.0,0.000564,0.01
2024-11-07,WMT,HOLD,0.0133,0.0,82.8714,0.0,0.0,0.0,54.323,0.0,0.000564,0.01
2024-11-08,WMT,HOLD,0.0133,0.0,83.84,0.0,0.0,0.0,54.323,0.0,0.000564,0.01
2024-11-09,WMT,HOLD,0.0133,0.0,83.84,0.0,0.0,0.0,54.323,0.0,0.000564,0.01
2024-11-10,WMT,HOLD,0.0134,0.0,83.84,0.0,0.0,0.0,54.323,0.0,0.000564,0.01
2024-11-11,WMT,HOLD,0.0134,0.0,83.2272,0.0,0.0,0.0,54.323,0.0,0.000564,0.01
2024-11-12,WMT,HOLD,0.0134,0.0,83.9981,0.0,0.0,0.0,54.323,0.0,0.000564,0.01
2024-11-13,WMT,HOLD,0.0134,0.0,84.5021,0.0,0.0,0.0,54.323,0.0,0.000564,0.01
2024-11-14,WMT,HOLD,0.0134,0.0,83.4842,0.0,0.0,0.0,54.323,0.0,0.000564,0.01
2024-11-15,WMT,HOLD,0.0134,0.0,83.2667,0.0,0.0,0.0,54.323,0.0,0.000564,0.01
2024-11-16,WMT,HOLD,0.0134,0.0,83.2667,0.0,0.0,0.0,54.323,0.0,0.000564,0.01
2024-11-17,WMT,HOLD,0.0134,0.0,83.2667,0.0,0.0,0.0,54.323,0.0,0.000564,0.01
2024-11-18,WMT,HOLD,0.0134,0.0,83.0987,0.0,0.0,0.0,54.323,0.0,0.000564,0.01
2024-11-19,WMT,HOLD,0.0135,0.0,85.5893,0.0,0.0,0.0,54.323,0.0,0.000564,0.01
2024-11-20,WMT,HOLD,0.0135,0.0,86.1625,0.0,0.0,0.0,54.323,0.0,0.000564,0.01
2024-11-21,WMT,HOLD,0.0135,0.0,87.3584,0.0,0.0,0.0,54.323,0.0,0.000564,0.01
2024-11-22,WMT,HOLD,0.0135,0.0,89.3845,0.0,0.0,0.0,54.323,0.0,0.000564,0.01
2024-11-23,WMT,HOLD,0.0135,0.0,89.3845,0.0,0.0,0.0,54.323,0.0,0.000564,0.01
2024-11-24,WMT,HOLD,0.0135,0.0,89.3845,0.0,0.0,0.0,54.323,0.0,0.000564,0.01
2024-11-25,WMT,HOLD,0.0135,0.0,88.4555,0.0,0.0,0.0,54.323,0.0,0.000564,0.01
2024-11-26,WMT,HOLD,0.0135,0.0,90.2443,0.0,0.0,0.0,54.323,0.0,0.000564,0.01
2024-11-27,WMT,HOLD,0.0135,0.0,90.8077,0.0,0.0,0.0,54.323,0.0,0.000564,0.01
2024-11-28,WMT,HOLD,0.0135,0.0,90.8077,0.0,0.0,0.0,54.323,0.0,0.000564,0.01
2024-11-29,WMT,HOLD,0.0135,0.0,91.4204,0.0,0.0,0.0,54.323,0.0,0.000564,0.01
2024-11-30,WMT,HOLD,0.0135,0.0,91.4204,0.0,0.0,0.0,54.323,0.0,0.000564,0.01
2024-12-01,WMT,HOLD,0.0135,0.0,91.4204,0.0,0.0,0.0,54.323,0.0,0.000564,0.01
2024-12-02,WMT,HOLD,0.0135,0.0,91.5588,0.0,0.0,0.0,54.323,0.0,0.000564,0.01
2024-12-03,WMT,HOLD,0.0135,0.0,92.4186,0.0,0.0,0.0,54.323,0.0,0.000564,0.01
2024-12-04,WMT,HOLD,0.0135,0.0,93.3477,0.0,0.0,0.0,54.323,0.0,0.000564,0.01
2024-12-05,WMT,HOLD,0.0135,0.0,94.1878,0.0,0.0,0.0,54.323,0.0,0.000564,0.01
2024-12-06,WMT,HOLD,0.0136,0.0,94.5831,0.0,0.0,0.0,54.323,0.0,0.000564,0.01
2024-12-07,WMT,HOLD,0.0136,0.0,94.5831,0.0,0.0,0.0,54.323,0.0,0.000564,0.01
2024-12-08,WMT,HOLD,0.0136,0.0,94.5831,0.0,0.0,0.0,54.323,0.0,0.000564,0.01
2024-12-09,WMT,HOLD,0.0135,0.0,92.7349,0.0,0.0,0.0,54.323,0.0,0.000564,0.01
2024-12-10,WMT,HOLD,0.0135,0.0,93.4465,0.0,0.0,0.0,54.323,0.0,0.000564,0.01
2024-12-11,WMT,HOLD,0.0136,0.0,93.8517,0.0,0.0,0.0,54.323,0.0,0.000564,0.01
2024-12-12,WMT,HOLD,0.0136,0.0,92.9919,0.0,0.0,0.0,54.323,0.0,0.000564,0.01
2024-12-13,WMT,HOLD,0.0136,0.0,93.3564,0.0,0.0,0.0,54.323,0.0,0.000564,0.01
2024-12-14,WMT,HOLD,0.0136,0.0,93.3564,0.0,0.0,0.0,54.323,0.0,0.000564,0.01
2024-12-15,WMT,HOLD,0.0136,0.0,93.3564,0.0,0.0,0.0,54.323,0.0,0.000564,0.01
2024-12-16,WMT,HOLD,0.0136,0.0,93.9705,0.0,0.0,0.0,54.323,0.0,0.000564,0.01
2024-12-17,WMT,HOLD,0.0136,0.0,94.5153,0.0,0.0,0.0,54.323,0.0,0.000564,0.01
2024-12-18,WMT,HOLD,0.0136,0.0,92.663,0.0,0.0,0.0,54.323,0.0,0.000564,0.01
2024-12-19,WMT,HOLD,0.0136,0.0,92.5145,0.0,0.0,0.0,54.323,0.0,0.000564,0.01
2024-12-20,WMT,HOLD,0.0136,0.0,91.3654,0.0,0.0,0.0,54.323,0.0,0.000564,0.01
2024-12-21,WMT,HOLD,0.0135,0.0,91.3654,0.0,0.0,0.0,54.323,0.0,0.000564,0.01
2024-12-22,WMT,HOLD,0.0135,0.0,91.3654,0.0,0.0,0.0,54.323,0.0,0.000564,0.01
2024-12-23,WMT,HOLD,0.0135,0.0,89.4934,0.0,0.0,0.0,54.323,0.0,0.000564,0.01
2024-12-24,WMT,HOLD,0.0136,0.0,91.8013,0.0,0.0,0.0,54.323,0.0,0.000564,0.01
2024-12-25,WMT,HOLD,0.0136,0.0,91.8013,0.0,0.0,0.0,54.323,0.0,0.000564,0.01
2024-12-26,WMT,HOLD,0.0135,0.0,91.9102,0.0,0.0,0.0,54.323,0.0,0.000564,0.01
2024-12-27,WMT,HOLD,0.0135,0.0,90.791,0.0,0.0,0.0,54.323,0.0,0.000564,0.01
2024-12-28,WMT,HOLD,0.0135,0.0,90.791,0.0,0.0,0.0,54.323,0.0,0.000564,0.01
2024-12-29,WMT,HOLD,0.0135,0.0,90.791,0.0,0.0,0.0,54.323,0.0,0.000564,0.01
2024-12-30,WMT,HOLD,0.0135,0.0,89.7113,0.0,0.0,0.0,54.323,0.0,0.000564,0.01
2024-12-31,WMT,HOLD,0.0135,0.0,89.4934,0.0,0.0,0.0,54.323,0.0,0.000564,0.01
2025-01-01,WMT,HOLD,0.0135,0.0,89.4934,0.0,0.0,0.0,54.323,0.0,0.000564,0.01
2025-01-02,WMT,HOLD,0.0135,0.0,89.1467,0.0,0.0,0.0,54.323,0.0,0.000564,0.01
2025-01-03,WMT,HOLD,0.0135,0.0,89.9193,0.0,0.0,0.0,54.323,0.0,0.000564,0.01
2025-01-04,WMT,HOLD,0.0135,0.0,89.9193,0.0,0.0,0.0,54.323,0.0,0.000564,0.01
2025-01-05,WMT,HOLD,0.0135,0.0,89.9193,0.0,0.0,0.0,54.323,0.0,0.000564,0.01
2025-01-06,WMT,HOLD,0.0136,0.0,90.5631,0.0,0.0,0.0,54.323,0.0,0.000564,0.01
2025-01-07,WMT,HOLD,0.0135,0.0,89.949,0.0,0.0,0.0,54.323,0.0,0.000564,0.01
2025-01-08,WMT,HOLD,0.0135,0.0,90.9296,0.0,0.0,0.0,54.323,0.0,0.000564,0.01
2025-01-09,WMT,HOLD,0.0135,0.0,90.9296,0.0,0.0,0.0,54.323,0.0,0.000564,0.01
2025-01-10,WMT,HOLD,0.0135,0.0,92.1182,0.0,0.0,0.0,54.323,0.0,0.000564,0.01
2025-01-11,WMT,HOLD,0.0135,0.0,92.1182,0.0,0.0,0.0,54.323,0.0,0.000564,0.01
2025-01-12,WMT,HOLD,0.0135,0.0,92.1182,0.0,0.0,0.0,54.323,0.0,0.000564,0.01
2025-01-13,WMT,HOLD,0.0135,0.0,90.6622,0.0,0.0,0.0,54.323,0.0,0.000564,0.01
2025-01-14,WMT,HOLD,0.0135,0.0,89.9292,0.0,0.0,0.0,54.323,0.0,0.000564,0.01
2025-01-15,WMT,HOLD,0.0135,0.0,90.474,0.0,0.0,0.0,54.323,0.0,0.000564,0.01
2025-01-16,WMT,HOLD,0.0135,0.0,90.4344,0.0,0.0,0.0,54.323,0.0,0.000564,0.01
2025-01-17,WMT,HOLD,0.0135,0.0,91.0683,0.0,0.0,0.0,54.323,0.0,0.000564,0.01
2025-01-18,WMT,HOLD,0.0135,0.0,91.0683,0.0,0.0,0.0,54.323,0.0,0.000564,0.01
2025-01-19,WMT,HOLD,0.0135,0.0,91.0683,0.0,0.0,0.0,54.323,0.0,0.000564,0.01
2025-01-20,WMT,HOLD,0.0135,0.0,91.0683,0.0,0.0,0.0,54.323,0.0,0.000564,0.01
2025-01-21,WMT,HOLD,0.0135,0.0,92.1975,0.0,0.0,0.0,54.323,0.0,0.000564,0.01
2025-01-22,WMT,HOLD,0.0135,0.0,92.3461,0.0,0.0,0.0,54.323,0.0,0.000564,0.01
2025-01-23,WMT,HOLD,0.0135,0.0,92.9206,0.0,0.0,0.0,54.323,0.0,0.000564,0.01
2025-01-24,WMT,HOLD,0.0135,0.0,93.8616,0.0,0.0,0.0,54.323,0.0,0.000564,0.01
2025-01-25,WMT,HOLD,0.0135,0.0,93.8616,0.0,0.0,0.0,54.323,0.0,0.000564,0.01
2025-01-26,WMT,HOLD,0.0135,0.0,93.8616,0.0,0.0,0.0,54.323,0.0,0.000564,0.01
2025-01-27,WMT,HOLD,0.0135,0.0,96.4765,0.0,0.0,0.0,54.323,0.0,0.000564,0.01
2025-01-28,WMT,HOLD,0.0135,0.0,96.3676,0.0,0.0,0.0,54.323,0.0,0.000564,0.01
2025-01-29,WMT,HOLD,0.0135,0.0,96.5756,0.0,0.0,0.0,54.323,0.0,0.000564,0.01
2025-01-30,WMT,HOLD,0.0135,0.0,97.7147,0.0,0.0,0.0,54.323,0.0,0.000564,0.01
2025-01-31,WMT,HOLD,0.0135,0.0,97.2293,0.0,0.0,0.0,54.323,0.0,0.000564,0.01
2025-02-01,WMT,HOLD,0.0135,0.0,97.2293,0.0,0.0,0.0,54.323,0.0,0.000564,0.01
2025-02-02,WMT,HOLD,0.0135,0.0,97.2293,0.0,0.0,0.0,54.323,0.0,0.000564,0.01
2025-02-03,WMT,HOLD,0.0135,0.0,98.5962,0.0,0.0,0.0,54.323,0.0,0.000564,0.01
2025-02-04,WMT,HOLD,0.0135,0.0,99.8146,0.0,0.0,0.0,54.323,0.0,0.000564,0.01
2025-02-05,WMT,HOLD,0.0135,0.0,101.4885,0.0,0.0,0.0,54.323,0.0,0.000564,0.01
2025-02-06,WMT,HOLD,0.0135,0.0,101.8749,0.0,0.0,0.0,54.323,0.0,0.000564,0.01
2025-02-07,WMT,HOLD,0.0135,0.0,100.191,0.0,0.0,0.0,54.323,0.0,0.000564,0.01
2025-02-08,WMT,HOLD,0.0135,0.0,100.191,0.0,0.0,0.0,54.323,0.0,0.000564,0.01
2025-02-09,WMT,HOLD,0.0135,0.0,100.191,0.0,0.0,0.0,54.323,0.0,0.000564,0.01
2025-02-10,WMT,HOLD,0.0135,0.0,101.9442,0.0,0.0,0.0,54.323,0.0,0.000564,0.01
2025-02-11,WMT,HOLD,0.0134,0.0,101.4985,0.0,0.0,0.0,54.323,0.0,0.000564,0.01
2025-02-12,WMT,HOLD,0.0135,0.0,102.6276,0.0,0.0,0.0,54.323,0.0,0.000564,0.01
2025-02-13,WMT,HOLD,0.0134,0.0,104.054,0.0,0.0,0.0,54.323,0.0,0.000564,0.01
2025-02-14,WMT,HOLD,0.0134,0.0,103.0536,0.0,0.0,0.0,54.323,0.0,0.000564,0.01
2025-02-15,WMT,HOLD,0.0134,0.0,103.0536,0.0,0.0,0.0,54.323,0.0,0.000564,0.01
2025-02-16,WMT,HOLD,0.0134,0.0,103.0536,0.0,0.0,0.0,54.323,0.0,0.000564,0.01
2025-02-17,WMT,HOLD,0.0134,0.0,103.0536,0.0,0.0,0.0,54.323,0.0,0.000564,0.01
2025-02-18,WMT,HOLD,0.0134,0.0,102.796,0.0,0.0,0.0,54.323,0.0,0.000564,0.01
2025-02-19,WMT,HOLD,0.0134,0.0,103.014,0.0,0.0,0.0,54.323,0.0,0.000564,0.01
2025-02-20,WMT,HOLD,0.0135,0.0,96.2883,0.0,0.0,0.0,54.323,0.0,0.000564,0.01
2025-02-21,WMT,HOLD,0.0134,0.0,93.8814,0.0,0.0,0.0,54.323,0.0,0.000564,0.01
2025-02-22,WMT,HOLD,0.0135,0.0,93.8814,0.0,0.0,0.0,54.323,0.0,0.000564,0.01
2025-02-23,WMT,HOLD,0.0135,0.0,93.8814,0.0,0.0,0.0,54.323,0.0,0.000564,0.01
2025-02-24,WMT,HOLD,0.0134,0.0,92.7819,0.0,0.0,0.0,54.323,0.0,0.000564,0.01
2025-02-25,WMT,HOLD,0.0134,0.0,96.7638,0.0,0.0,0.0,54.323,0.0,0.000564,0.01
2025-02-26,WMT,HOLD,0.0133,0.0,95.2879,0.0,0.0,0.0,54.323,0.0,0.000564,0.01
2025-02-27,WMT,HOLD,0.0133,0.0,95.8723,0.0,0.0,0.0,54.323,0.0,0.000564,0.01
2025-02-28,WMT,HOLD,0.0133,0.0,97.6751,0.0,0.0,0.0,54.323,0.0,0.000564,0.01
2025-03-01,WMT,HOLD,0.0133,0.0,97.6751,0.0,0.0,0.0,54.323,0.0,0.000564,0.01
2025-03-02,WMT,HOLD,0.0134,0.0,97.6751,0.0,0.0,0.0,54.323,0.0,0.000564,0.01
2025-03-03,WMT,HOLD,0.0133,0.0,96.6647,0.0,0.0,0.0,54.323,0.0,0.000564,0.01
2025-03-04,WMT,HOLD,0.0134,0.0,94.0696,0.0,0.0,0.0,54.323,0.0,0.000564,0.01
2025-03-05,WMT,HOLD,0.0134,0.0,95.07,0.0,0.0,0.0,54.323,0.0,0.000564,0.01
2025-03-06,WMT,HOLD,0.0134,0.0,93.7427,0.0,0.0,0.0,54.323,0.0,0.000564,0.01
2025-03-07,WMT,HOLD,0.0134,0.0,90.8504,0.0,0.0,0.0,54.323,0.0,0.000564,0.01
2025-03-08,WMT,HOLD,0.0134,0.0,90.8504,0.0,0.0,0.0,54.323,0.0,0.000564,0.01
2025-03-09,WMT,HOLD,0.0133,0.0,90.8504,0.0,0.0,0.0,54.323,0.0,0.000564,0.01
2025-03-10,WMT,HOLD,0.0133,0.0,86.9874,0.0,0.0,0.0,54.323,0.0,0.000564,0.01
2025-03-11,WMT,HOLD,0.0133,0.0,86.611,0.0,0.0,0.0,54.323,0.0,0.000564,0.01
2025-03-12,WMT,HOLD,0.0133,0.0,84.3922,0.0,0.0,0.0,54.323,0.0,0.000564,0.01
2025-03-13,WMT,HOLD,0.0133,0.0,83.6988,0.0,0.0,0.0,54.323,0.0,0.000564,0.01
2025-03-14,WMT,HOLD,0.0133,0.0,84.5408,0.0,0.0,0.0,54.323,0.0,0.000564,0.01
2025-03-15,WMT,HOLD,0.0133,0.0,84.5408,0.0,0.0,0.0,54.323,0.0,0.000564,0.01
2025-03-16,WMT,HOLD,0.0133,0.0,84.5408,0.0,0.0,0.0,54.323,0.0,0.000564,0.01
2025-03-17,WMT,HOLD,0.0133,0.0,86.6308,0.0,0.0,0.0,54.323,0.0,0.000564,0.01
2025-03-18,WMT,HOLD,0.0133,0.0,84.7785,0.0,0.0,0.0,54.323,0.0,0.000564,0.01
2025-03-19,WMT,HOLD,0.0133,0.0,85.5115,0.0,0.0,0.0,54.323,0.0,0.000564,0.01
2025-03-20,WMT,HOLD,0.0133,0.0,84.9964,0.0,0.0,0.0,54.323,0.0,0.000564,0.01
2025-03-21,WMT,HOLD,0.0133,0.0,85.3987,0.0,0.0,0.0,54.323,0.0,0.000564,0.01
2025-03-22,WMT,HOLD,0.0133,0.0,85.3987,0.0,0.0,0.0,54.323,0.0,0.000564,0.01
2025-03-23,WMT,HOLD,0.0133,0.0,85.3987,0.0,0.0,0.0,54.323,0.0,0.000564,0.01
2025-03-24,WMT,HOLD,0.0133,0.0,86.8985,0.0,0.0,0.0,54.323,0.0,0.000564,0.01
2025-03-25,WMT,HOLD,0.0133,0.0,84.1869,0.0,0.0,0.0,54.323,0.0,0.000564,0.01
2025-03-26,WMT,HOLD,0.0133,0.0,84.6339,0.0,0.0,0.0,54.323,0.0,0.000564,0.01
2025-03-27,WMT,HOLD,0.0133,0.0,85.051,0.0,0.0,0.0,54.323,0.0,0.000564,0.01
2025-03-28,WMT,HOLD,0.0133,0.0,84.5743,0.0,0.0,0.0,54.323,0.0,0.000564,0.01
2025-03-29,WMT,HOLD,0.0133,0.0,84.5743,0.0,0.0,0.0,54.323,0.0,0.000564,0.01
2025-03-30,WMT,HOLD,0.0133,0.0,84.5743,0.0,0.0,0.0,54.323,0.0,0.000564,0.01
2025-03-31,WMT,HOLD,0.0133,0.0,87.1964,0.0,0.0,0.0,54.323,0.0,0.000564,0.01
2025-04-01,WMT,HOLD,0.0133,0.0,88.2294,0.0,0.0,0.0,54.323,0.0,0.000564,0.01
2025-04-02,WMT,HOLD,0.0133,0.0,89.1531,0.0,0.0,0.0,54.323,0.0,0.000564,0.01
2025-04-03,WMT,HOLD,0.0134,0.0,86.67,0.0,0.0,0.0,54.323,0.0,0.000564,0.01
2025-04-04,WMT,HOLD,0.0134,0.0,82.6275,0.0,0.0,0.0,54.323,0.0,0.000564,0.01
2025-04-05,WMT,HOLD,0.0134,0.0,82.6275,0.0,0.0,0.0,54.323,0.0,0.000564,0.01
2025-04-06,WMT,HOLD,0.0133,0.0,82.6275,0.0,0.0,0.0,54.323,0.0,0.000564,0.01
2025-04-07,WMT,HOLD,0.0134,0.0,83.2632,0.0,0.0,0.0,54.323,0.0,0.000564,0.01
2025-04-08,WMT,HOLD,0.0133,0.0,81.237,0.0,0.0,0.0,54.323,0.0,0.000564,0.01
2025-04-09,WMT,HOLD,0.0134,0.0,88.9942,0.0,0.0,0.0,54.323,0.0,0.000564,0.01
2025-04-10,WMT,HOLD,0.0133,0.0,89.9974,0.0,0.0,0.0,54.323,0.0,0.000564,0.01
2025-04-11,WMT,HOLD,0.0133,0.0,92.1726,0.0,0.0,0.0,54.323,0.0,0.000564,0.01
2025-04-12,WMT,HOLD,0.0133,0.0,92.1726,0.0,0.0,0.0,54.323,0.0,0.000564,0.01
2025-04-13,WMT,HOLD,0.0133,0.0,92.1726,0.0,0.0,0.0,54.323,0.0,0.000564,0.01
2025-04-14,WMT,HOLD,0.0133,0.0,94.0895,0.0,0.0,0.0,54.323,0.0,0.000564,0.01
2025-04-15,WMT,HOLD,0.0133,0.0,93.3347,0.0,0.0,0.0,54.323,0.0,0.000564,0.01
2025-04-16,WMT,HOLD,0.0133,0.0,90.5735,0.0,0.0,0.0,54.323,0.0,0.000564,0.01
2025-04-17,WMT,HOLD,0.0133,0.0,92.5897,0.0,0.0,0.0,54.323,0.0,0.000564,0.01
2025-04-18,WMT,HOLD,0.0132,0.0,92.5897,0.0,0.0,0.0,54.323,0.0,0.000564,0.01
2025-04-19,WMT,HOLD,0.0133,0.0,92.5897,0.0,0.0,0.0,54.323,0.0,0.000564,0.01
2025-04-20,WMT,HOLD,0.0133,0.0,92.5897,0.0,0.0,0.0,54.323,0.0,0.000564,0.01
2025-04-21,WMT,HOLD,0.0133,0.0,91.7852,0.0,0.0,0.0,54.323,0.0,0.000564,0.01
2025-04-22,WMT,HOLD,0.0133,0.0,94.2087,0.0,0.0,0.0,54.323,0.0,0.000564,0.01
2025-04-23,WMT,HOLD,0.0133,0.0,94.318,0.0,0.0,0.0,54.323,0.0,0.000564,0.01
2025-04-24,WMT,HOLD,0.0133,0.0,95.192,0.0,0.0,0.0,54.323,0.0,0.000564,0.01
2025-04-25,WMT,HOLD,0.0133,0.0,94.4471,0.0,0.0,0.0,54.323,0.0,0.000564,0.01
2025-04-26,WMT,HOLD,0.0133,0.0,94.4471,0.0,0.0,0.0,54.323,0.0,0.000564,0.01
2025-04-27,WMT,HOLD,0.0133,0.0,94.4471,0.0,0.0,0.0,54.323,0.0,0.000564,0.01
2025-04-28,WMT,HOLD,0.0133,0.0,94.5762,0.0,0.0,0.0,54.323,0.0,0.000564,0.01
2025-04-29,WMT,HOLD,0.0133,0.0,95.3907,0.0,0.0,0.0,54.323,0.0,0.000564,0.01
2025-04-30,WMT,HOLD,0.0134,0.0,96.5925,0.0,0.0,0.0,54.323,0.0,0.000564,0.01
2025-05-01,WMT,HOLD,0.0134,0.0,96.7514,0.0,0.0,0.0,54.323,0.0,0.000564,0.01
2025-05-02,WMT,HOLD,0.0134,0.0,98.0823,0.0,0.0,0.0,54.323,0.0,0.000564,0.01
2025-05-03,WMT,HOLD,0.0134,0.0,98.0823,0.0,0.0,0.0,54.323,0.0,0.000564,0.01
2025-05-04,WMT,HOLD,0.0134,0.0,98.0823,0.0,0.0,0.0,54.323,0.0,0.000564,0.01
2025-05-05,WMT,HOLD,0.0134,0.0,98.6584,0.0,0.0,0.0,54.323,0.0,0.000564,0.01
2025-05-06,WMT,HOLD,0.0134,0.0,97.8837,0.0,0.0,0.0,54.323,0.0,0.000564,0.01
2025-05-07,WMT,HOLD,0.0134,0.0,98.1618,0.0,0.0,0.0,54.323,0.0,0.000564,0.01
2025-05-08,WMT,HOLD,0.0135,0.0,96.7713,0.0,0.0,0.0,54.323,0.0,0.000564,0.01
2025-05-09,WMT,HOLD,0.0135,0.0,96.2983,0.0,0.0,0.0,54.323,0.0,0.000564,0.01
2025-05-10,WMT,HOLD,0.0135,0.0,96.2983,0.0,0.0,0.0,54.323,0.0,0.000564,0.01
2025-05-11,WMT,HOLD,0.0135,0.0,96.2983,0.0,0.0,0.0,54.323,0.0,0.000564,0.01
2025-05-12,WMT,HOLD,0.0135,0.0,96.3282,0.0,0.0,0.0,54.323,0.0,0.000564,0.01
2025-05-13,WMT,HOLD,0.0135,0.0,95.462,0.0,0.0,0.0,54.323,0.0,0.000564,0.01
2025-05-14,WMT,HOLD,0.0135,0.0,96.4079,0.0,0.0,0.0,54.323,0.0,0.000564,0.01
2025-05-15,WMT,HOLD,0.0135,0.0,95.93,0.0,0.0,0.0,54.323,0.0,0.000564,0.01
2025-05-16,WMT,HOLD,0.0135,0.0,97.8117,0.0,0.0,0.0,54.323,0.0,0.000564,0.01
2025-05-17,WMT,HOLD,0.0135,0.0,97.8117,0.0,0.0,0.0,54.323,0.0,0.000564,0.01
2025-05-18,WMT,HOLD,0.0135,0.0,97.8117,0.0,0.0,0.0,54.323,0.0,0.000564,0.01
2025-05-19,WMT,HOLD,0.0135,0.0,97.6922,0.0,0.0,0.0,54.323,0.0,0.000564,0.01
2025-05-20,WMT,HOLD,0.0135,0.0,97.3736,0.0,0.0,0.0,54.323,0.0,0.000564,0.01
2025-05-21,WMT,HOLD,0.0135,0.0,96.0096,0.0,0.0,0.0,54.323,0.0,0.000564,0.01
2025-05-22,WMT,HOLD,0.0136,0.0,95.5118,0.0,0.0,0.0,54.323,0.0,0.000564,0.01
2025-05-23,WMT,HOLD,0.0135,0.0,95.92,0.0,0.0,0.0,54.323,0.0,0.000564,0.01
2025-05-24,WMT,HOLD,0.0135,0.0,95.92,0.0,0.0,0.0,54.323,0.0,0.000564,0.01
2025-05-25,WMT,HOLD,0.0136,0.0,95.92,0.0,0.0,0.0,54.323,0.0,0.000564,0.01
2025-05-26,WMT,HOLD,0.0136,0.0,95.92,0.0,0.0,0.0,54.323,0.0,0.000564,0.01
2025-05-27,WMT,HOLD,0.0136,0.0,97.1546,0.0,0.0,0.0,54.323,0.0,0.000564,0.01
2025-05-28,WMT,HOLD,0.0135,0.0,96.8161,0.0,0.0,0.0,54.323,0.0,0.000564,0.01
2025-05-29,WMT,HOLD,0.0135,0.0,96.6767,0.0,0.0,0.0,54.323,0.0,0.000564,0.01
2025-05-30,WMT,HOLD,0.0135,0.0,98.2896,0.0,0.0,0.0,54.323,0.0,0.000564,0.01
2025-05-31,WMT,HOLD,0.0135,0.0,98.2896,0.0,0.0,0.0,54.323,0.0,0.000564,0.01
2025-06-01,WMT,HOLD,0.0135,0.0,98.2896,0.0,0.0,0.0,54.323,0.0,0.000564,0.01
2025-06-02,WMT,HOLD,0.0135,0.0,99.335,0.0,0.0,0.0,54.323,0.0,0.000564,0.01
2025-06-03,WMT,HOLD,0.0135,0.0,99.5441,0.0,0.0,0.0,54.323,0.0,0.000564,0.01
2025-06-04,WMT,HOLD,0.0135,0.0,98.9169,0.0,0.0,0.0,54.323,0.0,0.000564,0.01
2025-06-05,WMT,HOLD,0.0135,0.0,97.5329,0.0,0.0,0.0,54.323,0.0,0.000564,0.01
2025-06-06,WMT,HOLD,0.0135,0.0,97.0451,0.0,0.0,0.0,54.323,0.0,0.000564,0.01
2025-06-07,WMT,HOLD,0.0135,0.0,97.0451,0.0,0.0,0.0,54.323,0.0,0.000564,0.01
2025-06-08,WMT,HOLD,0.0135,0.0,97.0451,0.0,0.0,0.0,54.323,0.0,0.000564,0.01
2025-06-09,WMT,HOLD,0.0135,0.0,97.0252,0.0,0.0,0.0,54.323,0.0,0.000564,0.01
2025-06-10,WMT,HOLD,0.0135,0.0,96.8957,0.0,0.0,0.0,54.323,0.0,0.000564,0.01
2025-06-11,WMT,HOLD,0.0135,0.0,95.3823,0.0,0.0,0.0,54.323,0.0,0.000564,0.01
2025-06-12,WMT,HOLD,0.0135,0.0,94.4166,0.0,0.0,0.0,54.323,0.0,0.000564,0.01
2025-06-13,WMT,HOLD,0.0135,0.0,94.0283,0.0,0.0,0.0,54.323,0.0,0.000564,0.01
2025-06-14,WMT,HOLD,0.0135,0.0,94.0283,0.0,0.0,0.0,54.323,0.0,0.000564,0.01
2025-06-15,WMT,HOLD,0.0135,0.0,94.0283,0.0,0.0,0.0,54.323,0.0,0.000564,0.01
2025-06-16,WMT,HOLD,0.0135,0.0,93.8789,0.0,0.0,0.0,54.323,0.0,0.000564,0.01
2025-06-17,WMT,HOLD,0.0135,0.0,93.8391,0.0,0.0,0.0,54.323,0.0,0.000564,0.01
2025-06-18,WMT,HOLD,0.0135,0.0,94.6754,0.0,0.0,0.0,54.323,0.0,0.000564,0.01
2025-06-19,WMT,HOLD,0.0135,0.0,94.6754,0.0,0.0,0.0,54.323,0.0,0.000564,0.01
2025-06-20,WMT,HOLD,0.0135,0.0,95.701,0.0,0.0,0.0,54.323,0.0,0.000564,0.01
2025-06-21,WMT,HOLD,0.0135,0.0,95.701,0.0,0.0,0.0,54.323,0.0,0.000564,0.01
2025-06-22,WMT,HOLD,0.0135,0.0,95.701,0.0,0.0,0.0,54.323,0.0,0.000564,0.01
2025-06-23,WMT,HOLD,0.0135,0.0,97.4433,0.0,0.0,0.0,54.323,0.0,0.000564,0.01
2025-06-24,WMT,HOLD,0.0135,0.0,97.5728,0.0,0.0,0.0,54.323,0.0,0.000564,0.01
2025-06-25,WMT,HOLD,0.0135,0.0,96.836,0.0,0.0,0.0,54.323,0.0,0.000564,0.01
2025-06-26,WMT,HOLD,0.0135,0.0,95.6014,0.0,0.0,0.0,54.323,0.0,0.000564,0.01
2025-06-27,WMT,HOLD,0.0135,0.0,96.8459,0.0,0.0,0.0,54.323,0.0,0.000564,0.01
2025-06-28,WMT,HOLD,0.0135,0.0,96.8459,0.0,0.0,0.0,54.323,0.0,0.000564,0.01
2025-06-29,WMT,HOLD,0.0135,0.0,96.8459,0.0,0.0,0.0,54.323,0.0,0.000564,0.01
2025-06-30,WMT,HOLD,0.0135,0.0,97.3537,0.0,0.0,0.0,54.323,0.0,0.000564,0.01
2025-07-01,WMT,HOLD,0.0135,0.0,97.8117,0.0,0.0,0.0,54.323,0.0,0.000564,0.01
2025-07-02,WMT,HOLD,0.0135,0.0,97.1844,0.0,0.0,0.0,54.323,0.0,0.000564,0.01
2025-07-03,WMT,HOLD,0.0135,0.0,97.9312,0.0,0.0,0.0,54.323,0.0,0.000564,0.01
2025-07-04,WMT,HOLD,0.0135,0.0,97.9312,0.0,0.0,0.0,54.323,0.0,0.000564,0.01
2025-07-05,WMT,HOLD,0.0135,0.0,97.9312,0.0,0.0,0.0,54.323,0.0,0.000564,0.01
2025-07-06,WMT,HOLD,0.0135,0.0,97.9312,0.0,0.0,0.0,54.323,0.0,0.000564,0.01
2025-07-07,WMT,HOLD,0.0135,0.0,98.9169,0.0,0.0,0.0,54.323,0.0,0.000564,0.01
2025-07-08,WMT,HOLD,0.0135,0.0,96.6667,0.0,0.0,0.0,54.323,0.0,0.000564,0.01
2025-07-09,WMT,HOLD,0.0135,0.0,96.3879,0.0,0.0,0.0,54.323,0.0,0.000564,0.01
2025-07-10,WMT,HOLD,0.0136,0.0,94.4464,0.0,0.0,0.0,54.323,0.0,0.000564,0.01
2025-07-11,WMT,HOLD,0.0136,0.0,93.9884,0.0,0.0,0.0,54.323,0.0,0.000564,0.01
2025-07-12,WMT,HOLD,0.0136,0.0,93.9884,0.0,0.0,0.0,54.323,0.0,0.000564,0.01
2025-07-13,WMT,HOLD,0.0136,0.0,93.9884,0.0,0.0,0.0,54.323,0.0,0.000564,0.01
2025-07-14,WMT,HOLD,0.0136,0.0,95.3624,0.0,0.0,0.0,54.323,0.0,0.000564,0.01
2025-07-15,WMT,HOLD,0.0136,0.0,94.9741,0.0,0.0,0.0,54.323,0.0,0.000564,0.01
2025-07-16,WMT,HOLD,0.0136,0.0,94.7352,0.0,0.0,0.0,54.323,0.0,0.000564,0.01
2025-07-17,WMT,HOLD,0.0136,0.0,94.6754,0.0,0.0,0.0,54.323,0.0,0.000564,0.01
2025-07-18,WMT,HOLD,0.0136,0.0,94.6356,0.0,0.0,0.0,54.323,0.0,0.000564,0.01
2025-07-19,WMT,HOLD,0.0136,0.0,94.6356,0.0,0.0,0.0,54.323,0.0,0.000564,0.01
2025-07-20,WMT,HOLD,0.0137,0.0,94.6356,0.0,0.0,0.0,54.323,0.0,0.000564,0.01
2025-07-21,WMT,HOLD,0.0137,0.0,95.2529,0.0,0.0,0.0,54.323,0.0,0.000564,0.01
2025-07-22,WMT,HOLD,0.0137,0.0,95.4321,0.0,0.0,0.0,54.323,0.0,0.000564,0.01
2025-07-23,WMT,HOLD,0.0137,0.0,95.2629,0.0,0.0,0.0,54.323,0.0,0.000564,0.01
2025-07-24,WMT,HOLD,0.0137,0.0,96.1789,0.0,0.0,0.0,54.323,0.0,0.000564,0.01
2025-07-25,WMT,HOLD,0.0137,0.0,97.0451,0.0,0.0,0.0,54.323,0.0,0.000564,0.01
2025-07-26,WMT,HOLD,0.0137,0.0,97.0451,0.0,0.0,0.0,54.323,0.0,0.000564,0.01
2025-07-27,WMT,HOLD,0.0137,0.0,97.0451,0.0,0.0,0.0,54.323,0.0,0.000564,0.01
2025-07-28,WMT,HOLD,0.0137,0.0,97.1844,0.0,0.0,0.0,54.323,0.0,0.000564,0.01
2025-07-29,WMT,HOLD,0.0136,0.0,97.9013,0.0,0.0,0.0,54.323,0.0,0.000564,0.01
2025-07-30,WMT,HOLD,0.0136,0.0,97.1645,0.0,0.0,0.0,54.323,0.0,0.000564,0.01
2025-07-31,WMT,HOLD,0.0136,0.0,97.5528,0.0,0.0,0.0,54.323,0.0,0.000564,0.01
2025-08-01,WMT,HOLD,0.0136,0.0,98.0606,0.0,0.0,0.0,54.323,0.0,0.000564,0.01
2025-08-02,WMT,HOLD,0.0136,0.0,98.0606,0.0,0.0,0.0,54.323,0.0,0.000564,0.01
2025-08-03,WMT,HOLD,0.0136,0.0,98.0606,0.0,0.0,0.0,54.323,0.0,0.000564,0.01
2025-08-04,WMT,HOLD,0.0136,0.0,99.1558,0.0,0.0,0.0,54.323,0.0,0.000564,0.01
2025-08-05,WMT,HOLD,0.0136,0.0,98.877,0.0,0.0,0.0,54.323,0.0,0.000564,0.01
2025-08-06,WMT,HOLD,0.0136,0.0,102.9094,0.0,0.0,0.0,54.323,0.0,0.000564,0.01
2025-08-07,WMT,HOLD,0.0136,0.0,102.6704,0.0,0.0,0.0,54.323,0.0,0.000564,0.01
2025-08-08,WMT,HOLD,0.0136,0.0,103.2778,0.0,0.0,0.0,54.323,0.0,0.000564,0.01
2025-08-09,WMT,HOLD,0.0136,0.0,103.2778,0.0,0.0,0.0,54.323,0.0,0.000564,0.01
2025-08-10,WMT,HOLD,0.0137,0.0,103.2778,0.0,0.0,0.0,54.323,0.0,0.000564,0.01
2025-08-11,WMT,HOLD,0.0137,0.0,103.4769,0.0,0.0,0.0,54.323,0.0,0.000564,0.01
2025-08-12,WMT,HOLD,0.0137,0.0,103.1683,0.0,0.0,0.0,54.323,0.0,0.000564,0.01
2025-08-13,WMT,HOLD,0.0137,0.0,100.5497,0.0,0.0,0.0,54.323,0.0,0.000564,0.01
2025-08-14,WMT,HOLD,0.0137,0.0,100.4103,0.0,0.0,0.0,54.323,0.0,0.000564,0.01
2025-08-15,WMT,HOLD,0.0137,0.0,99.7966,0.0,0.0,0.0,54.323,0.0,0.000564,0.01
2025-08-16,WMT,HOLD,0.0137,0.0,99.7966,0.0,0.0,0.0,54.323,0.0,0.000564,0.01
2025-08-17,WMT,HOLD,0.0137,0.0,99.7966,0.0,0.0,0.0,54.323,0.0,0.000564,0.01
2025-08-18,WMT,HOLD,0.0137,0.0,100.4951,0.0,0.0,0.0,54.323,0.0,0.000564,0.01
2025-08-19,WMT,HOLD,0.0136,0.0,101.0839,0.0,0.0,0.0,54.323,0.0,0.000564,0.01
2025-08-20,WMT,HOLD,0.0136,0.0,102.3613,0.0,0.0,0.0,54.323,0.0,0.000564,0.01
2025-08-21,WMT,HOLD,0.0136,0.0,97.7607,0.0,0.0,0.0,54.323,0.0,0.000564,0.01
2025-08-22,WMT,HOLD,0.0137,0.0,96.633,0.0,0.0,0.0,54.323,0.0,0.000564,0.01
2025-08-23,WMT,HOLD,0.0137,0.0,96.633,0.0,0.0,0.0,54.323,0.0,0.000564,0.01
2025-08-24,WMT,HOLD,0.0136,0.0,96.633,0.0,0.0,0.0,54.323,0.0,0.000564,0.01
2025-08-25,WMT,HOLD,0.0136,0.0,95.8746,0.0,0.0,0.0,54.323,0.0,0.000564,0.01
2025-08-26,WMT,HOLD,0.0136,0.0,95.8546,0.0,0.0,0.0,54.323,0.0,0.000564,0.01
2025-08-27,WMT,HOLD,0.0136,0.0,95.8846,0.0,0.0,0.0,54.323,0.0,0.000564,0.01
2025-08-28,WMT,HOLD,0.0136,0.0,95.9145,0.0,0.0,0.0,54.323,0.0,0.000564,0.01
2025-08-29,WMT,HOLD,0.0136,0.0,96.7827,0.0,0.0,0.0,54.323,0.0,0.000564,0.01
2025-08-30,WMT,HOLD,0.0136,0.0,96.7827,0.0,0.0,0.0,54.323,0.0,0.000564,0.01
2025-08-31,WMT,HOLD,0.0136,0.0,96.7827,0.0,0.0,0.0,54.323,0.0,0.000564,0.01
2025-09-01,WMT,HOLD,0.0136,0.0,96.7827,0.0,0.0,0.0,54.323,0.0,0.000564,0.01
2025-09-02,WMT,HOLD,0.0136,0.0,97.651,0.0,0.0,0.0,54.323,0.0,0.000564,0.01
2025-09-03,WMT,HOLD,0.0137,0.0,99.2377,0.0,0.0,0.0,54.323,0.0,0.000564,0.01
2025-09-04,WMT,HOLD,0.0136,0.0,100.7247,0.0,0.0,0.0,54.323,0.0,0.000564,0.01
2025-09-05,WMT,HOLD,0.0136,0.0,100.3055,0.0,0.0,0.0,54.323,0.0,0.000564,0.01
2025-09-06,WMT,HOLD,0.0136,0.0,100.3055,0.0,0.0,0.0,54.323,0.0,0.000564,0.01
2025-09-07,WMT,HOLD,0.0137,0.0,100.3055,0.0,0.0,0.0,54.323,0.0,0.000564,0.01
2025-09-08,WMT,HOLD,0.0137,0.0,102.0719,0.0,0.0,0.0,54.323,0.0,0.000564,0.01
2025-09-09,WMT,HOLD,0.0137,0.0,102.0819,0.0,0.0,0.0,54.323,0.0,0.000564,0.01
2025-09-10,WMT,HOLD,0.0137,0.0,100.2057,0.0,0.0,0.0,54.323,0.0,0.000564,0.01
2025-09-11,WMT,HOLD,0.0137,0.0,102.4412,0.0,0.0,0.0,54.323,0.0,0.000564,0.01
2025-09-12,WMT,HOLD,0.0137,0.0,103.2795,0.0,0.0,0.0,54.323,0.0,0.000564,0.01
2025-09-13,WMT,HOLD,0.0137,0.0,103.2795,0.0,0.0,0.0,54.323,0.0,0.000564,0.01
2025-09-14,WMT,HOLD,0.0137,0.0,103.2795,0.0,0.0,0.0,54.323,0.0,0.000564,0.01
2025-09-15,WMT,HOLD,0.0137,0.0,103.4791,0.0,0.0,0.0,54.323,0.0,0.000564,0.01
2025-09-16,WMT,HOLD,0.0137,0.0,103.2096,0.0,0.0,0.0,54.323,0.0,0.000564,0.01
2025-09-17,WMT,HOLD,0.0137,0.0,104.0579,0.0,0.0,0.0,54.323,0.0,0.000564,0.01
2025-09-18,WMT,HOLD,0.0137,0.0,103.3892,0.0,0.0,0.0,54.323,0.0,0.000564,0.01
2025-09-19,WMT,HOLD,0.0137,0.0,102.1218,0.0,0.0,0.0,54.323,0.0,0.000564,0.01
2025-09-20,WMT,HOLD,0.0137,0.0,102.1218,0.0,0.0,0.0,54.323,0.0,0.000564,0.01
2025-09-21,WMT,HOLD,0.0137,0.0,102.1218,0.0,0.0,0.0,54.323,0.0,0.000564,0.01
2025-09-22,WMT,HOLD,0.0137,0.0,102.6108,0.0,0.0,0.0,54.323,0.0,0.000564,0.01
2025-09-23,WMT,HOLD,0.0136,0.0,102.3114,0.0,0.0,0.0,54.323,0.0,0.000564,0.01
2025-09-24,WMT,HOLD,0.0136,0.0,102.521,0.0,0.0,0.0,54.323,0.0,0.000564,0.01
2025-09-25,WMT,HOLD,0.0136,0.0,102.8404,0.0,0.0,0.0,54.323,0.0,0.000564,0.01
2025-09-26,WMT,HOLD,0.0136,0.0,102.9501,0.0,0.0,0.0,54.323,0.0,0.000564,0.01
2025-09-27,WMT,HOLD,0.0136,0.0,102.9501,0.0,0.0,0.0,54.323,0.0,0.000564,0.01
2025-09-28,WMT,HOLD,0.0136,0.0,102.9501,0.0,0.0,0.0,54.323,0.0,0.000564,0.01
2025-09-29,WMT,HOLD,0.0136,0.0,102.8703,0.0,0.0,0.0,54.323,0.0,0.000564,0.01
2025-09-30,WMT,HOLD,0.0136,0.0,102.8503,0.0,0.0,0.0,54.323,0.0,0.000564,0.01
2025-10-01,WMT,HOLD,0.0137,0.0,101.7526,0.0,0.0,0.0,54.323,0.0,0.000564,0.01
2025-10-02,WMT,HOLD,0.0137,0.0,101.4931,0.0,0.0,0.0,54.323,0.0,0.000564,0.01
2025-10-03,WMT,HOLD,0.0137,0.0,101.8624,0.0,0.0,0.0,54.323,0.0,0.000564,0.01
2025-10-04,WMT,HOLD,0.0137,0.0,101.8624,0.0,0.0,0.0,54.323,0.0,0.000564,0.01
2025-10-05,WMT,HOLD,0.0137,0.0,101.8624,0.0,0.0,0.0,54.323,0.0,0.000564,0.01
2025-10-06,WMT,HOLD,0.0137,0.0,102.4911,0.0,0.0,0.0,54.323,0.0,0.000564,0.01
2025-10-07,WMT,HOLD,0.0137,0.0,103.03,0.0,0.0,0.0,54.323,0.0,0.000564,0.01
2025-10-08,WMT,HOLD,0.0137,0.0,102.6907,0.0,0.0,0.0,54.323,0.0,0.000564,0.01
2025-10-09,WMT,HOLD,0.0137,0.0,101.563,0.0,0.0,0.0,54.323,0.0,0.000564,0.01
2025-10-10,WMT,HOLD,0.0137,0.0,101.6328,0.0,0.0,0.0,54.323,0.0,0.000564,0.01
2025-10-11,WMT,HOLD,0.0136,0.0,101.6328,0.0,0.0,0.0,54.323,0.0,0.000564,0.01
2025-10-12,WMT,HOLD,0.0137,0.0,101.6328,0.0,0.0,0.0,54.323,0.0,0.000564,0.01
2025-10-13,WMT,HOLD,0.0137,0.0,101.9123,0.0,0.0,0.0,54.323,0.0,0.000564,0.01
2025-10-14,WMT,HOLD,0.0137,0.0,106.9919,0.0,0.0,0.0,54.323,0.0,0.000564,0.01
2025-10-15,WMT,HOLD,0.0137,0.0,108.8082,0.0,0.0,0.0,54.323,0.0,0.000564,0.01
2025-10-16,WMT,HOLD,0.0136,0.0,106.2534,0.0,0.0,0.0,54.323,0.0,0.000564,0.01
2025-10-17,WMT,HOLD,0.0136,0.0,107.5108,0.0,0.0,0.0,54.323,0.0,0.000564,0.01
2025-10-18,WMT,HOLD,0.0136,0.0,107.5108,0.0,0.0,0.0,54.323,0.0,0.000564,0.01
2025-10-19,WMT,HOLD,0.0136,0.0,107.5108,0.0,0.0,0.0,54.323,0.0,0.000564,0.01
2025-10-20,WMT,HOLD,0.0136,0.0,106.8322,0.0,0.0,0.0,54.323,0.0,0.000564,0.01
2025-10-21,WMT,HOLD,0.0136,0.0,106.0039,0.0,0.0,0.0,54.323,0.0,0.000564,0.01
2025-10-22,WMT,HOLD,0.0136,0.0,106.9221,0.0,0.0,0.0,54.323,0.0,0.000564,0.01
2025-10-23,WMT,HOLD,0.0136,0.0,106.6426,0.0,0.0,0.0,54.323,0.0,0.000564,0.01
2025-10-24,WMT,HOLD,0.0136,0.0,105.954,0.0,0.0,0.0,54.323,0.0,0.000564,0.01
2025-10-25,WMT,HOLD,0.0136,0.0,105.954,0.0,0.0,0.0,54.323,0.0,0.000564,0.01
2025-10-26,WMT,HOLD,0.0137,0.0,105.954,0.0,0.0,0.0,54.323,0.0,0.000564,0.01
2025-10-27,WMT,HOLD,0.0136,0.0,104.2575,0.0,0.0,0.0,54.323,0.0,0.000564,0.01
2025-10-28,WMT,HOLD,0.0136,0.0,102.9601,0.0,0.0,0.0,54.323,0.0,0.000564,0.01
2025-10-29,WMT,HOLD,0.0136,0.0,102.2516,0.0,0.0,0.0,54.323,0.0,0.000564,0.01
2025-10-30,WMT,HOLD,0.0136,0.0,102.022,0.0,0.0,0.0,54.323,0.0,0.000564,0.01
2025-10-31,WMT,HOLD,0.0136,0.0,100.9742,0.0,0.0,0.0,54.323,0.0,0.000564,0.01
2025-11-01,WMT,HOLD,0.0136,0.0,100.9742,0.0,0.0,0.0,54.323,0.0,0.000564,0.01
2025-11-02,WMT,HOLD,0.0136,0.0,100.9742,0.0,0.0,0.0,54.323,0.0,0.000564,0.01
2025-11-03,WMT,HOLD,0.0136,0.0,101.3833,0.0,0.0,0.0,54.323,0.0,0.000564,0.01
2025-11-04,WMT,HOLD,0.0136,0.0,102.062,0.0,0.0,0.0,54.323,0.0,0.000564,0.01
2025-11-05,WMT,HOLD,0.0136,0.0,101.2636,0.0,0.0,0.0,54.323,0.0,0.000564,0.01
2025-11-06,WMT,HOLD,0.0136,0.0,101.4732,0.0,0.0,0.0,54.323,0.0,0.000564,0.01
2025-11-07,WMT,HOLD,0.0136,0.0,102.3813,0.0,0.0,0.0,54.323,0.0,0.000564,0.01
2025-11-08,WMT,HOLD,0.0136,0.0,102.3813,0.0,0.0,0.0,54.323,0.0,0.000564,0.01
2025-11-09,WMT,HOLD,0.0136,0.0,102.3813,0.0,0.0,0.0,54.323,0.0,0.000564,0.01
2025-11-10,WMT,HOLD,0.0136,0.0,102.2117,0.0,0.0,0.0,54.323,0.0,0.000564,0.01
2025-11-11,WMT,HOLD,0.0135,0.0,103.2296,0.0,0.0,0.0,54.323,0.0,0.000564,0.01
2025-11-12,WMT,HOLD,0.0135,0.0,103.2296,0.0,0.0,0.0,54.323,0.0,0.000564,0.01
2025-11-13,WMT,HOLD,0.0135,0.0,102.3314,0.0,0.0,0.0,54.323,0.0,0.000564,0.01
2025-11-14,WMT,HOLD,0.0135,0.0,102.2715,0.0,0.0,0.0,54.323,0.0,0.000564,0.01
2025-11-15,WMT,HOLD,0.0135,0.0,102.2715,0.0,0.0,0.0,54.323,0.0,0.000564,0.01
2025-11-16,WMT,HOLD,0.0135,0.0,102.2715,0.0,0.0,0.0,54.323,0.0,0.000564,0.01
2025-11-17,WMT,HOLD,0.0135,0.0,102.7406,0.0,0.0,0.0,54.323,0.0,0.000564,0.01
2025-11-18,WMT,HOLD,0.0135,0.0,101.1837,0.0,0.0,0.0,54.323,0.0,0.000564,0.01
2025-11-19,WMT,HOLD,0.0135,0.0,100.4053,0.0,0.0,0.0,54.323,0.0,0.000564,0.01
2025-11-20,WMT,HOLD,0.0134,0.0,106.8921,0.0,0.0,0.0,54.323,0.0,0.000564,0.01
2025-11-21,WMT,HOLD,0.0134,0.0,105.1058,0.0,0.0,0.0,54.323,0.0,0.000564,0.01
2025-11-22,WMT,HOLD,0.0134,0.0,105.1058,0.0,0.0,0.0,54.323,0.0,0.000564,0.01
2025-11-23,WMT,HOLD,0.0134,0.0,105.1058,0.0,0.0,0.0,54.323,0.0,0.000564,0.01
2025-11-24,WMT,HOLD,0.0135,0.0,103.8483,0.0,0.0,0.0,54.323,0.0,0.000564,0.01
2025-11-25,WMT,HOLD,0.0134,0.0,106.7823,0.0,0.0,0.0,54.323,0.0,0.000564,0.01
2025-11-26,WMT,HOLD,0.0135,0.0,108.8781,0.0,0.0,0.0,54.323,0.0,0.000564,0.01
2025-11-27,WMT,HOLD,0.0135,0.0,108.8781,0.0,0.0,0.0,54.323,0.0,0.000564,0.01
2025-11-28,WMT,HOLD,0.0135,0.0,110.2852,0.0,0.0,0.0,54.323,0.0,0.000564,0.01
2025-11-29,WMT,HOLD,0.0135,0.0,110.2852,0.0,0.0,0.0,54.323,0.0,0.000564,0.01
2025-11-30,WMT,HOLD,0.0135,0.0,110.2852,0.0,0.0,0.0,54.323,0.0,0.000564,0.01
2025-12-01,WMT,HOLD,0.0134,0.0,111.3031,0.0,0.0,0.0,54.323,0.0,0.000564,0.01
2025-12-02,WMT,HOLD,0.0135,0.0,112.1813,0.0,0.0,0.0,54.323,0.0,0.000564,0.01
2025-12-03,WMT,HOLD,0.0135,0.0,114.1773,0.0,0.0,0.0,54.323,0.0,0.000564,0.01
2025-12-04,WMT,HOLD,0.0135,0.0,114.6064,0.0,0.0,0.0,54.323,0.0,0.000564,0.01
2025-12-05,WMT,HOLD,0.0134,0.0,114.8758,0.0,0.0,0.0,54.323,0.0,0.000564,0.01
2025-12-06,WMT,HOLD,0.0134,0.0,114.8758,0.0,0.0,0.0,54.323,0.0,0.000564,0.01
2025-12-07,WMT,HOLD,0.0135,0.0,114.8758,0.0,0.0,0.0,54.323,0.0,0.000564,0.01
2025-12-08,WMT,HOLD,0.0135,0.0,113.329,0.0,0.0,0.0,54.323,0.0,0.000564,0.01
2025-12-09,WMT,HOLD,0.0135,0.0,114.8259,0.0,0.0,0.0,54.323,0.0,0.000564,0.01
2025-12-10,WMT,HOLD,0.0135,0.0,112.9498,0.0,0.0,0.0,54.323,0.0,0.000564,0.01
2025-12-11,WMT,HOLD,0.0135,0.0,115.285,0.0,0.0,0.0,54.323,0.0,0.000564,0.01
2025-12-12,WMT,HOLD,0.0135,0.0,116.7,0.0,0.0,0.0,54.323,0.0,0.000564,0.01
2025-12-13,WMT,HOLD,0.0135,0.0,116.7,0.0,0.0,0.0,54.323,0.0,0.000564,0.01
2025-12-14,WMT,HOLD,0.0135,0.0,116.7,0.0,0.0,0.0,54.323,0.0,0.000564,0.01
2025-12-15,WMT,HOLD,0.0134,0.0,116.79,0.0,0.0,0.0,54.323,0.0,0.000564,0.01
2025-12-16,WMT,HOLD,0.0134,0.0,115.42,0.0,0.0,0.0,54.323,0.0,0.000564,0.01
2025-12-17,WMT,HOLD,0.0134,0.0,115.66,0.0,0.0,0.0,54.323,0.0,0.000564,0.01
2025-12-18,WMT,HOLD,0.0134,0.0,114.83,0.0,0.0,0.0,54.323,0.0,0.000564,0.01
2025-12-19,WMT,HOLD,0.0134,0.0,114.36,0.0,0.0,0.0,54.323,0.0,0.000564,0.01
2025-12-20,WMT,HOLD,0.0134,0.0,114.36,0.0,0.0,0.0,54.323,0.0,0.000564,0.01
2025-12-21,WMT,HOLD,0.0134,0.0,114.36,0.0,0.0,0.0,54.323,0.0,0.000564,0.01
2025-12-22,WMT,HOLD,0.0134,0.0,112.6,0.0,0.0,0.0,54.323,0.0,0.000564,0.01
2025-12-23,WMT,HOLD,0.0134,0.0,110.9,0.0,0.0,0.0,54.323,0.0,0.000564,0.01
2025-12-24,WMT,HOLD,0.0134,0.0,111.61,0.0,0.0,0.0,54.323,0.0,0.000564,0.01
2025-12-25,WMT,HOLD,0.0134,0.0,111.61,0.0,0.0,0.0,54.323,0.0,0.000564,0.01
2025-12-26,WMT,HOLD,0.0134,0.0,111.74,0.0,0.0,0.0,54.323,0.0,0.000564,0.01
2025-12-27,WMT,HOLD,0.0134,0.0,111.74,0.0,0.0,0.0,54.323,0.0,0.000564,0.01
2025-12-28,WMT,HOLD,0.0134,0.0,111.74,0.0,0.0,0.0,54.323,0.0,0.000564,0.01
2025-12-29,WMT,HOLD,0.0134,0.0,112.53,0.0,0.0,0.0,54.323,0.0,0.000564,0.01
